helics_simulation_time,powerRequired
1.0,-16.366718980899183
2.0,-16.362049161457467
3.0,-16.357379342015747
4.0,-16.35270952257403
5.0,-16.348039703132315
6.0,-16.3433698836906
7.0,-16.338700064248883
8.0,-16.334030244807167
9.0,-16.32936042536545
10.0,-16.32469060592373
11.0,-16.320020786482015
12.0,-16.3153509670403
13.0,-16.310681147598583
14.0,-16.306011328156867
15.0,-16.301341508715147
16.0,-16.29667168927343
17.0,-16.292001869831715
18.0,-16.28733205039
19.0,-16.282662230948283
20.0,-16.277992411506567
21.0,-16.27332259206485
22.0,-16.26865277262313
23.0,-16.263982953181415
24.0,-16.2593131337397
25.0,-16.254643314297983
26.0,-16.249973494856267
27.0,-16.245303675414547
28.0,-16.24063385597283
29.0,-16.235964036531115
30.0,-16.2312942170894
31.0,-16.226624397647683
32.0,-16.221954578205967
33.0,-16.21728475876425
34.0,-16.21261493932253
35.0,-16.207945119880815
36.0,-16.2032753004391
37.0,-16.198605480997383
38.0,-16.193935661555667
39.0,-16.189265842113947
40.0,-16.18459602267223
41.0,-16.179926203230515
42.0,-16.1752563837888
43.0,-16.170586564347083
44.0,-16.165916744905367
45.0,-16.16124692546365
46.0,-16.15657710602193
47.0,-16.151907286580215
48.0,-16.1472374671385
49.0,-16.142567647696783
50.0,-16.137897828255067
51.0,-16.133228008813347
52.0,-16.12855818937163
53.0,-16.123888369929915
54.0,-16.1192185504882
55.0,-16.114548731046483
56.0,-16.109878911604767
57.0,-16.10520909216305
58.0,-16.10053927272133
59.0,-16.095869453279615
60.0,-16.0911996338379
61.0,-16.086529814396183
62.0,-16.081859994954467
63.0,-16.077190175512747
64.0,-16.07252035607103
65.0,-16.067850536629315
66.0,-16.0631807171876
67.0,-16.058510897745883
68.0,-16.053841078304167
69.0,-16.04917125886245
70.0,-16.04450143942073
71.0,-16.039831619979015
72.0,-16.0351618005373
73.0,-16.030491981095583
74.0,-16.025822161653867
75.0,-16.021152342212147
76.0,-16.01648252277043
77.0,-16.011812703328715
78.0,-16.007142883887
79.0,-16.002473064445283
80.0,-15.997803245003565
81.0,-15.99313342556185
82.0,-15.988463606120133
83.0,-15.983793786678415
84.0,-15.9791239672367
85.0,-15.974454147794983
86.0,-15.969784328353265
87.0,-15.96511450891155
88.0,-15.960444689469833
89.0,-15.955774870028115
90.0,-15.9511050505864
91.0,-15.946435231144683
92.0,-15.941765411702965
93.0,-15.93709559226125
94.0,-15.932425772819533
95.0,-15.927755953377815
96.0,-15.9230861339361
97.0,-15.918416314494383
98.0,-15.913746495052665
99.0,-15.90907667561095
100.0,-15.904406856169233
101.0,-15.899737036727515
102.0,-15.8950672172858
103.0,-15.890397397844083
104.0,-15.885727578402365
105.0,-15.88105775896065
106.0,-15.876387939518933
107.0,-15.871718120077215
108.0,-15.8670483006355
109.0,-15.862378481193783
110.0,-15.857708661752065
111.0,-15.85303884231035
112.0,-15.848369022868633
113.0,-15.843699203426915
114.0,-15.8390293839852
115.0,-15.834359564543483
116.0,-15.829689745101765
117.0,-15.82501992566005
118.0,-15.820350106218333
119.0,-15.815680286776615
120.0,-15.8110104673349
121.0,-15.807412116986693
122.0,-15.80381376663849
123.0,-15.800215416290284
124.0,-15.79661706594208
125.0,-15.793018715593874
126.0,-15.78942036524567
127.0,-15.785822014897464
128.0,-15.782223664549258
129.0,-15.778625314201054
130.0,-15.775026963852849
131.0,-15.771428613504645
132.0,-15.767830263156439
133.0,-15.764231912808235
134.0,-15.760633562460029
135.0,-15.757035212111823
136.0,-15.75343686176362
137.0,-15.749838511415414
138.0,-15.74624016106721
139.0,-15.742641810719004
140.0,-15.7390434603708
141.0,-15.735445110022594
142.0,-15.73184675967439
143.0,-15.728248409326184
144.0,-15.724650058977979
145.0,-15.721051708629775
146.0,-15.717453358281569
147.0,-15.713855007933365
148.0,-15.710256657585159
149.0,-15.706658307236955
150.0,-15.70305995688875
151.0,-15.699461606540543
152.0,-15.69586325619234
153.0,-15.692264905844134
154.0,-15.68866655549593
155.0,-15.685068205147724
156.0,-15.68146985479952
157.0,-15.677871504451314
158.0,-15.674273154103108
159.0,-15.670674803754904
160.0,-15.667076453406699
161.0,-15.663478103058495
162.0,-15.659879752710289
163.0,-15.656281402362085
164.0,-15.652683052013879
165.0,-15.649084701665675
166.0,-15.64548635131747
167.0,-15.641888000969264
168.0,-15.63828965062106
169.0,-15.634691300272854
170.0,-15.63109294992465
171.0,-15.627494599576444
172.0,-15.62389624922824
173.0,-15.620297898880034
174.0,-15.616699548531829
175.0,-15.613101198183625
176.0,-15.609502847835419
177.0,-15.605904497487215
178.0,-15.602306147139009
179.0,-15.598707796790805
180.0,-15.5951094464426
181.0,-15.591511096094393
182.0,-15.58791274574619
183.0,-15.584314395397984
184.0,-15.58071604504978
185.0,-15.577117694701574
186.0,-15.57351934435337
187.0,-15.569920994005164
188.0,-15.566322643656958
189.0,-15.562724293308754
190.0,-15.559125942960549
191.0,-15.555527592612345
192.0,-15.551929242264139
193.0,-15.548330891915935
194.0,-15.544732541567729
195.0,-15.541134191219523
196.0,-15.53753584087132
197.0,-15.533937490523114
198.0,-15.53033914017491
199.0,-15.526740789826704
200.0,-15.5231424394785
201.0,-15.519544089130294
202.0,-15.51594573878209
203.0,-15.512347388433884
204.0,-15.508749038085679
205.0,-15.505150687737475
206.0,-15.501552337389269
207.0,-15.497953987041065
208.0,-15.494355636692859
209.0,-15.490757286344655
210.0,-15.48715893599645
211.0,-15.483560585648243
212.0,-15.47996223530004
213.0,-15.476363884951834
214.0,-15.47276553460363
215.0,-15.469167184255424
216.0,-15.46556883390722
217.0,-15.461970483559014
218.0,-15.458372133210808
219.0,-15.454773782862604
220.0,-15.451175432514399
221.0,-15.447577082166195
222.0,-15.443978731817989
223.0,-15.440380381469785
224.0,-15.436782031121579
225.0,-15.433183680773375
226.0,-15.42958533042517
227.0,-15.425986980076964
228.0,-15.42238862972876
229.0,-15.418790279380554
230.0,-15.41519192903235
231.0,-15.411593578684144
232.0,-15.40799522833594
233.0,-15.404396877987734
234.0,-15.400798527639529
235.0,-15.397200177291325
236.0,-15.393601826943119
237.0,-15.390003476594915
238.0,-15.386405126246709
239.0,-15.382806775898505
240.0,-15.3792084255503
241.0,-15.38008130380734
242.0,-15.38095418206438
243.0,-15.381827060321422
244.0,-15.382699938578462
245.0,-15.383572816835503
246.0,-15.384445695092545
247.0,-15.385318573349585
248.0,-15.386191451606626
249.0,-15.387064329863668
250.0,-15.387937208120707
251.0,-15.388810086377749
252.0,-15.389682964634789
253.0,-15.39055584289183
254.0,-15.391428721148872
255.0,-15.392301599405911
256.0,-15.393174477662953
257.0,-15.394047355919993
258.0,-15.394920234177034
259.0,-15.395793112434076
260.0,-15.396665990691115
261.0,-15.397538868948157
262.0,-15.398411747205198
263.0,-15.399284625462238
264.0,-15.40015750371928
265.0,-15.40103038197632
266.0,-15.401903260233361
267.0,-15.402776138490403
268.0,-15.403649016747442
269.0,-15.404521895004484
270.0,-15.405394773261524
271.0,-15.406267651518565
272.0,-15.407140529775607
273.0,-15.408013408032646
274.0,-15.408886286289688
275.0,-15.40975916454673
276.0,-15.410632042803769
277.0,-15.41150492106081
278.0,-15.41237779931785
279.0,-15.413250677574892
280.0,-15.414123555831933
281.0,-15.414996434088973
282.0,-15.415869312346015
283.0,-15.416742190603056
284.0,-15.417615068860096
285.0,-15.418487947117137
286.0,-15.419360825374177
287.0,-15.420233703631219
288.0,-15.42110658188826
289.0,-15.4219794601453
290.0,-15.422852338402341
291.0,-15.423725216659381
292.0,-15.424598094916423
293.0,-15.425470973173464
294.0,-15.426343851430504
295.0,-15.427216729687546
296.0,-15.428089607944587
297.0,-15.428962486201627
298.0,-15.429835364458668
299.0,-15.430708242715708
300.0,-15.43158112097275
301.0,-15.432453999229791
302.0,-15.43332687748683
303.0,-15.434199755743872
304.0,-15.435072634000912
305.0,-15.435945512257954
306.0,-15.436818390514995
307.0,-15.437691268772035
308.0,-15.438564147029076
309.0,-15.439437025286118
310.0,-15.440309903543158
311.0,-15.4411827818002
312.0,-15.442055660057239
313.0,-15.44292853831428
314.0,-15.443801416571322
315.0,-15.444674294828362
316.0,-15.445547173085403
317.0,-15.446420051342443
318.0,-15.447292929599485
319.0,-15.448165807856526
320.0,-15.449038686113566
321.0,-15.449911564370607
322.0,-15.450784442627649
323.0,-15.451657320884689
324.0,-15.45253019914173
325.0,-15.45340307739877
326.0,-15.454275955655811
327.0,-15.455148833912853
328.0,-15.456021712169893
329.0,-15.456894590426934
330.0,-15.457767468683976
331.0,-15.458640346941015
332.0,-15.459513225198057
333.0,-15.460386103455097
334.0,-15.461258981712138
335.0,-15.46213185996918
336.0,-15.46300473822622
337.0,-15.463877616483261
338.0,-15.4647504947403
339.0,-15.465623372997342
340.0,-15.466496251254384
341.0,-15.467369129511424
342.0,-15.468242007768465
343.0,-15.469114886025507
344.0,-15.469987764282546
345.0,-15.470860642539588
346.0,-15.471733520796628
347.0,-15.472606399053669
348.0,-15.47347927731071
349.0,-15.47435215556775
350.0,-15.475225033824792
351.0,-15.476097912081832
352.0,-15.476970790338873
353.0,-15.477843668595915
354.0,-15.478716546852954
355.0,-15.479589425109996
356.0,-15.480462303367037
357.0,-15.481335181624077
358.0,-15.482208059881119
359.0,-15.483080938138158
360.0,-15.4839538163952
361.0,-16.24183613965308
362.0,-16.999718462910963
363.0,-17.757600786168844
364.0,-18.515483109426725
365.0,-19.273365432684606
366.0,-20.031247755942488
367.0,-20.789130079200373
368.0,-21.547012402458254
369.0,-22.304894725716135
370.0,-23.062777048974016
371.0,-23.820659372231898
372.0,-24.57854169548978
373.0,-25.336424018747664
374.0,-26.094306342005545
375.0,-26.852188665263427
376.0,-27.610070988521308
377.0,-28.36795331177919
378.0,-29.12583563503707
379.0,-29.88371795829495
380.0,-30.641600281552833
381.0,-31.399482604810714
382.0,-32.157364928068596
383.0,-32.91524725132648
384.0,-33.67312957458436
385.0,-34.43101189784224
386.0,-35.18889422110013
387.0,-35.946776544358
388.0,-36.70465886761589
389.0,-37.462541190873765
390.0,-38.22042351413165
391.0,-38.97830583738953
392.0,-39.736188160647416
393.0,-40.49407048390529
394.0,-41.25195280716318
395.0,-42.00983513042106
396.0,-42.76771745367894
397.0,-43.52559977693682
398.0,-44.2834821001947
399.0,-45.041364423452585
400.0,-45.799246746710466
401.0,-46.55712906996835
402.0,-47.31501139322623
403.0,-48.07289371648411
404.0,-48.83077603974199
405.0,-49.58865836299987
406.0,-50.346540686257754
407.0,-51.10442300951564
408.0,-51.862305332773516
409.0,-52.620187656031405
410.0,-53.37806997928928
411.0,-54.13595230254716
412.0,-54.89383462580505
413.0,-55.65171694906292
414.0,-56.40959927232081
415.0,-57.16748159557869
416.0,-57.925363918836574
417.0,-58.683246242094455
418.0,-59.44112856535234
419.0,-60.19901088861022
420.0,-60.9568932118681
421.0,-61.71477553512598
422.0,-62.47265785838386
423.0,-63.23054018164174
424.0,-63.988422504899624
425.0,-64.74630482815752
426.0,-65.50418715141538
427.0,-66.26206947467327
428.0,-67.01995179793116
429.0,-67.77783412118903
430.0,-68.53571644444692
431.0,-69.2935987677048
432.0,-70.05148109096268
433.0,-70.80936341422056
434.0,-71.56724573747844
435.0,-72.32512806073632
436.0,-73.0830103839942
437.0,-73.8408927072521
438.0,-74.59877503050997
439.0,-75.35665735376784
440.0,-76.11453967702573
441.0,-76.87242200028362
442.0,-77.6303043235415
443.0,-78.38818664679938
444.0,-79.14606897005726
445.0,-79.90395129331515
446.0,-80.66183361657302
447.0,-81.41971593983091
448.0,-82.17759826308878
449.0,-82.93548058634667
450.0,-83.69336290960455
451.0,-84.45124523286243
452.0,-85.20912755612031
453.0,-85.9670098793782
454.0,-86.72489220263608
455.0,-87.48277452589394
456.0,-88.24065684915183
457.0,-88.99853917240972
458.0,-89.75642149566761
459.0,-90.51430381892548
460.0,-91.27218614218336
461.0,-92.03006846544125
462.0,-92.78795078869912
463.0,-93.54583311195701
464.0,-94.3037154352149
465.0,-95.06159775847277
466.0,-95.81948008173065
467.0,-96.57736240498853
468.0,-97.33524472824642
469.0,-98.09312705150431
470.0,-98.85100937476219
471.0,-99.60889169802006
472.0,-100.36677402127795
473.0,-101.12465634453582
474.0,-101.88253866779371
475.0,-102.6404209910516
476.0,-103.39830331430947
477.0,-104.15618563756735
478.0,-104.91406796082524
479.0,-105.67195028408312
480.0,-106.429832607341
481.0,-106.46572830391304
482.0,-106.50162400048508
483.0,-106.53751969705712
484.0,-106.57341539362916
485.0,-106.6093110902012
486.0,-106.64520678677324
487.0,-106.68110248334528
488.0,-106.71699817991733
489.0,-106.75289387648937
490.0,-106.78878957306142
491.0,-106.82468526963346
492.0,-106.8605809662055
493.0,-106.89647666277754
494.0,-106.93237235934959
495.0,-106.96826805592163
496.0,-107.00416375249367
497.0,-107.04005944906571
498.0,-107.07595514563775
499.0,-107.11185084220979
500.0,-107.14774653878183
501.0,-107.18364223535387
502.0,-107.21953793192591
503.0,-107.25543362849795
504.0,-107.29132932507
505.0,-107.32722502164204
506.0,-107.36312071821408
507.0,-107.39901641478612
508.0,-107.43491211135816
509.0,-107.4708078079302
510.0,-107.50670350450224
511.0,-107.5425992010743
512.0,-107.57849489764634
513.0,-107.61439059421838
514.0,-107.65028629079042
515.0,-107.68618198736246
516.0,-107.7220776839345
517.0,-107.75797338050654
518.0,-107.79386907707858
519.0,-107.82976477365062
520.0,-107.86566047022266
521.0,-107.9015561667947
522.0,-107.93745186336675
523.0,-107.97334755993879
524.0,-108.00924325651083
525.0,-108.04513895308287
526.0,-108.08103464965491
527.0,-108.11693034622695
528.0,-108.15282604279899
529.0,-108.18872173937103
530.0,-108.22461743594309
531.0,-108.26051313251513
532.0,-108.29640882908717
533.0,-108.33230452565921
534.0,-108.36820022223125
535.0,-108.40409591880329
536.0,-108.43999161537533
537.0,-108.47588731194737
538.0,-108.51178300851942
539.0,-108.54767870509146
540.0,-108.5835744016635
541.0,-108.61947009823554
542.0,-108.65536579480758
543.0,-108.69126149137962
544.0,-108.72715718795166
545.0,-108.7630528845237
546.0,-108.79894858109574
547.0,-108.83484427766778
548.0,-108.87073997423983
549.0,-108.90663567081187
550.0,-108.9425313673839
551.0,-108.97842706395596
552.0,-109.014322760528
553.0,-109.05021845710004
554.0,-109.08611415367209
555.0,-109.12200985024413
556.0,-109.15790554681617
557.0,-109.19380124338821
558.0,-109.22969693996025
559.0,-109.26559263653229
560.0,-109.30148833310433
561.0,-109.33738402967637
562.0,-109.37327972624841
563.0,-109.40917542282045
564.0,-109.4450711193925
565.0,-109.48096681596454
566.0,-109.51686251253658
567.0,-109.55275820910862
568.0,-109.58865390568066
569.0,-109.6245496022527
570.0,-109.66044529882475
571.0,-109.6963409953968
572.0,-109.73223669196884
573.0,-109.76813238854088
574.0,-109.80402808511292
575.0,-109.83992378168496
576.0,-109.875819478257
577.0,-109.91171517482904
578.0,-109.94761087140108
579.0,-109.98350656797312
580.0,-110.01940226454516
581.0,-110.0552979611172
582.0,-110.09119365768925
583.0,-110.12708935426129
584.0,-110.16298505083333
585.0,-110.19888074740537
586.0,-110.23477644397741
587.0,-110.27067214054945
588.0,-110.30656783712149
589.0,-110.34246353369353
590.0,-110.37835923026557
591.0,-110.41425492683763
592.0,-110.45015062340967
593.0,-110.48604631998171
594.0,-110.52194201655375
595.0,-110.55783771312579
596.0,-110.59373340969783
597.0,-110.62962910626987
598.0,-110.66552480284192
599.0,-110.70142049941396
600.0,-110.737316195986
601.0,-110.32168029216027
602.0,-109.90604438833454
603.0,-109.4904084845088
604.0,-109.07477258068307
605.0,-108.65913667685734
606.0,-108.24350077303161
607.0,-107.82786486920588
608.0,-107.41222896538014
609.0,-106.9965930615544
610.0,-106.58095715772868
611.0,-106.16532125390295
612.0,-105.74968535007721
613.0,-105.33404944625148
614.0,-104.91841354242575
615.0,-104.50277763860002
616.0,-104.08714173477429
617.0,-103.67150583094856
618.0,-103.25586992712283
619.0,-102.8402340232971
620.0,-102.42459811947137
621.0,-102.00896221564564
622.0,-101.59332631181991
623.0,-101.17769040799416
624.0,-100.76205450416843
625.0,-100.3464186003427
626.0,-99.93078269651697
627.0,-99.51514679269124
628.0,-99.09951088886551
629.0,-98.68387498503978
630.0,-98.26823908121405
631.0,-97.85260317738832
632.0,-97.43696727356259
633.0,-97.02133136973686
634.0,-96.60569546591113
635.0,-96.1900595620854
636.0,-95.77442365825966
637.0,-95.35878775443393
638.0,-94.94315185060819
639.0,-94.52751594678247
640.0,-94.11188004295673
641.0,-93.696244139131
642.0,-93.28060823530527
643.0,-92.86497233147954
644.0,-92.4493364276538
645.0,-92.03370052382807
646.0,-91.61806462000234
647.0,-91.20242871617661
648.0,-90.78679281235088
649.0,-90.37115690852515
650.0,-89.95552100469942
651.0,-89.53988510087368
652.0,-89.12424919704796
653.0,-88.70861329322221
654.0,-88.2929773893965
655.0,-87.87734148557075
656.0,-87.46170558174502
657.0,-87.04606967791929
658.0,-86.63043377409356
659.0,-86.21479787026783
660.0,-85.7991619664421
661.0,-85.38352606261637
662.0,-84.96789015879064
663.0,-84.55225425496491
664.0,-84.13661835113918
665.0,-83.72098244731345
666.0,-83.3053465434877
667.0,-82.88971063966198
668.0,-82.47407473583624
669.0,-82.05843883201052
670.0,-81.64280292818478
671.0,-81.22716702435905
672.0,-80.81153112053332
673.0,-80.39589521670759
674.0,-79.98025931288186
675.0,-79.56462340905613
676.0,-79.1489875052304
677.0,-78.73335160140466
678.0,-78.31771569757893
679.0,-77.90207979375319
680.0,-77.48644388992747
681.0,-77.07080798610173
682.0,-76.65517208227601
683.0,-76.23953617845027
684.0,-75.82390027462455
685.0,-75.4082643707988
686.0,-74.99262846697309
687.0,-74.57699256314734
688.0,-74.16135665932161
689.0,-73.74572075549588
690.0,-73.33008485167015
691.0,-72.91444894784442
692.0,-72.49881304401869
693.0,-72.08317714019296
694.0,-71.66754123636721
695.0,-71.2519053325415
696.0,-70.83626942871575
697.0,-70.42063352489004
698.0,-70.00499762106429
699.0,-69.58936171723857
700.0,-69.17372581341283
701.0,-68.7580899095871
702.0,-68.34245400576137
703.0,-67.92681810193565
704.0,-67.5111821981099
705.0,-67.09554629428416
706.0,-66.67991039045845
707.0,-66.26427448663271
708.0,-65.84863858280698
709.0,-65.43300267898124
710.0,-65.01736677515552
711.0,-64.60173087132979
712.0,-64.18609496750406
713.0,-63.77045906367832
714.0,-63.35482315985259
715.0,-62.93918725602686
716.0,-62.52355135220113
717.0,-62.107915448375394
718.0,-61.69227954454966
719.0,-61.27664364072394
720.0,-60.8610077368982
721.0,-60.49941644922299
722.0,-60.13782516154778
723.0,-59.77623387387257
724.0,-59.41464258619735
725.0,-59.05305129852214
726.0,-58.69146001084693
727.0,-58.32986872317172
728.0,-57.96827743549651
729.0,-57.6066861478213
730.0,-57.24509486014608
731.0,-56.88350357247087
732.0,-56.52191228479566
733.0,-56.16032099712045
734.0,-55.79872970944524
735.0,-55.43713842177003
736.0,-55.07554713409481
737.0,-54.7139558464196
738.0,-54.35236455874439
739.0,-53.99077327106918
740.0,-53.62918198339397
741.0,-53.26759069571875
742.0,-52.90599940804354
743.0,-52.54440812036833
744.0,-52.18281683269312
745.0,-51.82122554501791
746.0,-51.4596342573427
747.0,-51.09804296966749
748.0,-50.73645168199227
749.0,-50.37486039431706
750.0,-50.01326910664185
751.0,-49.65167781896664
752.0,-49.29008653129143
753.0,-48.92849524361621
754.0,-48.566903955941
755.0,-48.20531266826579
756.0,-47.84372138059058
757.0,-47.48213009291537
758.0,-47.12053880524016
759.0,-46.75894751756495
760.0,-46.39735622988973
761.0,-46.03576494221452
762.0,-45.67417365453931
763.0,-45.3125823668641
764.0,-44.95099107918888
765.0,-44.58939979151367
766.0,-44.22780850383846
767.0,-43.86621721616325
768.0,-43.50462592848804
769.0,-43.14303464081283
770.0,-42.78144335313762
771.0,-42.41985206546241
772.0,-42.0582607777872
773.0,-41.69666949011199
774.0,-41.33507820243677
775.0,-40.97348691476156
776.0,-40.61189562708634
777.0,-40.25030433941113
778.0,-39.88871305173592
779.0,-39.52712176406071
780.0,-39.1655304763855
781.0,-38.80393918871029
782.0,-38.44234790103508
783.0,-38.08075661335987
784.0,-37.719165325684656
785.0,-37.35757403800944
786.0,-36.99598275033423
787.0,-36.63439146265902
788.0,-36.27280017498381
789.0,-35.91120888730859
790.0,-35.54961759963338
791.0,-35.18802631195817
792.0,-34.82643502428296
793.0,-34.46484373660775
794.0,-34.10325244893254
795.0,-33.741661161257326
796.0,-33.38006987358211
797.0,-33.0184785859069
798.0,-32.65688729823169
799.0,-32.29529601055648
800.0,-31.933704722881263
801.0,-31.572113435206052
802.0,-31.210522147530842
803.0,-30.84893085985563
804.0,-30.487339572180417
805.0,-30.125748284505207
806.0,-29.764156996829996
807.0,-35.5358942118653
808.0,-246.22693339287488
809.0,-352.0309956620371
810.0,-366.47904493438244
811.0,-380.6815433719545
812.0,-394.6444604373115
813.0,-408.37064265631034
814.0,-421.8636288199885
815.0,-435.12763139781106
816.0,-448.1663513512628
817.0,-460.9834961162305
818.0,-473.5827295187791
819.0,-485.96768355348013
820.0,-498.1419542529205
821.0,-510.10893811682115
822.0,-521.872242314559
823.0,-533.4350306615107
824.0,-544.8008382136061
825.0,-555.9727229367812
826.0,-566.9540350668793
827.0,-577.7478186699707
828.0,-588.3571158046443
829.0,-598.7851188058221
830.0,-609.0349128687042
831.0,-619.1091420266515
832.0,-629.010919584837
833.0,-638.743162171898
834.0,-648.3086226414963
835.0,-657.7099810387139
836.0,-666.9500229300274
837.0,-676.0314211525435
838.0,-684.9567653757804
839.0,-693.7286341068589
840.0,-702.3495454791199
841.0,-711.1721982863265
842.0,-719.8553000886637
843.0,-728.3958214116946
844.0,-736.8130083286311
845.0,-745.5551778442626
846.0,-754.152773730771
847.0,-762.6081624474606
848.0,-770.9236937207648
849.0,-779.1017319897754
850.0,-787.1446743049818
851.0,-795.054855716628
852.0,-802.8340078702006
853.0,-810.4841910338539
854.0,-818.0005076705921
855.0,-825.3983845176697
856.0,-832.6749040665276
857.0,-839.8314117307399
858.0,-846.8696416233005
859.0,-853.7915093535465
860.0,-860.5995209027593
861.0,-867.2941847049589
862.0,-873.8783526714715
863.0,-880.3530913553266
864.0,-886.7205880718948
865.0,-892.9825978416194
866.0,-899.1408945067915
867.0,-905.1972887256701
868.0,-911.1532690129
869.0,-917.0104016320388
870.0,-922.7705871267153
871.0,-928.4355948377765
872.0,-934.0071941060711
873.0,-939.4859889156694
874.0,-944.874017198569
875.0,-950.173033432906
876.0,-955.3846688637294
877.0,-960.5103897417731
878.0,-965.5506300940087
879.0,-970.5075499116191
880.0,-975.382638579118
881.0,-980.1773854810187
882.0,-984.892836157542
883.0,-989.5298475819743
884.0,-994.090223907256
885.0,-998.5753306803844
886.0,-1002.9865334483544
887.0,-1007.3245133699903
888.0,-1011.5905206689666
889.0,-1015.7860328189857
890.0,-1019.9123082840537
891.0,-1023.9706055281792
892.0,-1027.9612648717566
893.0,-1031.885897619143
894.0,-1035.7456873900646
895.0,-1039.5417970576784
896.0,-1043.2752175813157
897.0,-1046.9464677461797
898.0,-1050.5570036325632
899.0,-1054.1079005517815
900.0,-1057.60023381515
901.0,-1061.034712635637
902.0,-1064.4121055043443
903.0,-1067.7336544843076
904.0,-1071.0003538276142
905.0,-1074.2131977863535
906.0,-1077.3726197703122
907.0,-1080.479651385125
908.0,-1083.5353205123233
909.0,-1086.5405462519
910.0,-1089.4962128427042
911.0,-1092.4025908525318
912.0,-1095.2608797303153
913.0,-1098.0719289904935
914.0,-1100.8365881475045
915.0,-1103.5555259644927
916.0,-1106.229193553005
917.0,-1108.8586292268317
918.0,-1111.4446181480896
919.0,-1113.8721144828078
920.0,-1115.8042360251568
921.0,-1117.197141341886
922.0,-1118.0529221296752
923.0,-1118.3759418927918
924.0,-1093.7867500571535
925.0,-1062.2187418996236
926.0,-1030.6669536643567
927.0,-999.1914376284042
928.0,-967.8599711555355
929.0,-936.7361463985605
930.0,-905.8757670335797
931.0,-875.3362767557148
932.0,-845.1794484428162
933.0,-815.4597584240105
934.0,-786.2317674059794
935.0,-757.5421446049783
936.0,-729.8065751906832
937.0,-703.8510112252377
938.0,-678.53909361055
939.0,-653.9141676811479
940.0,-630.0166374198265
941.0,-606.8852200116025
942.0,-584.5557371733773
943.0,-563.0575671624459
944.0,-542.4214946001615
945.0,-522.6708667795239
946.0,-503.8263466839027
947.0,-485.90739500904436
948.0,-468.9247467913533
949.0,-452.8950023441347
950.0,-437.82483322379557
951.0,-423.7210429857732
952.0,-410.590246701584
953.0,-398.43306876428966
954.0,-387.250497844702
955.0,-377.0301624553704
956.0,-367.7577510843803
957.0,-359.42209644069004
958.0,-352.0272718052559
959.0,-345.557871061768
960.0,-339.9840134600209
961.0,-335.26723120123825
962.0,-315.5991317333618
963.0,-282.1569300091098
964.0,-252.77972662605265
965.0,-235.5525815575987
966.0,-233.11934832342328
967.0,-244.71836221983855
968.0,-266.12525605991334
969.0,-288.14727290881814
970.0,-301.4752562642328
971.0,-301.4326035994947
972.0,-285.4567570807337
973.0,-254.00201713695893
974.0,-238.2296829600603
975.0,-246.69216300176276
976.0,-256.54069924932014
977.0,-267.71728163450973
978.0,-280.0315416297384
979.0,-293.0495211014697
980.0,-306.14582357736367
981.0,-318.38295375937815
982.0,-328.4466229517765
983.0,-334.5389441807086
984.0,-336.48745836805176
985.0,-338.368716387979
986.0,-340.4027425699364
987.0,-342.5903172604713
988.0,-344.93223116490503
989.0,-347.4287032174851
990.0,-350.0797235252972
991.0,-352.8852393810582
992.0,-355.84474167843763
993.0,-358.95702657217475
994.0,-362.2216427386171
995.0,-365.6374434304003
996.0,-369.20250498129036
997.0,-372.9161918361871
998.0,-376.77486559644836
999.0,-380.77729784282263
1000.0,-384.92180582120574
1001.0,-389.21459494880565
1002.0,-393.63734541127144
1003.0,-398.1924867223663
1004.0,-402.87608652059384
1005.0,-407.6874868786315
1006.0,-412.62053386159806
1007.0,-417.6758418935803
1008.0,-422.84470773803537
1009.0,-428.1288263310814
1010.0,-433.5190674273366
1011.0,-439.01592896240186
1012.0,-444.6090513349724
1013.0,-450.29972882757596
1014.0,-456.08580107372603
1015.0,-461.95572717599913
1016.0,-467.90956577241764
1017.0,-473.9435784902048
1018.0,-480.05021733475286
1019.0,-486.2250073932181
1020.0,-492.4638626420974
1021.0,-498.7610593718326
1022.0,-505.1108227069646
1023.0,-511.5085512480535
1024.0,-517.9488974261834
1025.0,-524.4260006229916
1026.0,-530.9348714659003
1027.0,-537.4701828390345
1028.0,-544.0260985810746
1029.0,-550.5974197934146
1030.0,-557.1787379851926
1031.0,-563.764388022328
1032.0,-570.348923170406
1033.0,-576.9269105651787
1034.0,-583.4928799156534
1035.0,-590.041361331504
1036.0,-596.5669106367259
1037.0,-603.0641481439928
1038.0,-609.5275742136973
1039.0,-615.9517416409062
1040.0,-622.3312055327017
1041.0,-628.6605233081824
1042.0,-634.9348683315819
1043.0,-641.1489287429381
1044.0,-647.2972407476591
1045.0,-653.3745412600115
1046.0,-659.3755856602904
1047.0,-665.295335004301
1048.0,-671.129897476278
1049.0,-676.8736083578532
1050.0,-682.5215623860354
1051.0,-688.0688993505671
1052.0,-693.5108040939234
1053.0,-698.8433863824116
1054.0,-704.0624029956801
1055.0,-709.1630216257367
1056.0,-714.1409008249574
1057.0,-718.9917723306879
1058.0,-723.7114961989413
1059.0,-728.2973569283987
1060.0,-732.7447956695127
1061.0,-737.1119624274405
1062.0,-741.5136875265154
1063.0,-745.7574141210554
1064.0,-749.8401263922409
1065.0,-753.7589338264097
1066.0,-757.5101976815832
1067.0,-761.0908546417105
1068.0,-764.4979702123854
1069.0,-767.7287387208479
1070.0,-770.7812459696904
1071.0,-773.6529261223096
1072.0,-776.3416007068324
1073.0,-778.8452959205115
1074.0,-781.1623256692171
1075.0,-783.2910327681153
1076.0,-785.2299832763613
1077.0,-786.9778950388857
1078.0,-788.5335626824673
1079.0,-789.8960797716866
1080.0,-791.0646604802408
1081.0,-792.009812678867
1082.0,-792.7694896268044
1083.0,-793.3344179929616
1084.0,-793.7041838356682
1085.0,-793.8790312632763
1086.0,-789.0221244102129
1087.0,-777.1065121679432
1088.0,-765.0819706759615
1089.0,-752.9577019726134
1090.0,-740.7723197841538
1091.0,-728.9499164005441
1092.0,-717.3956595933448
1093.0,-705.870821447728
1094.0,-694.4034113032428
1095.0,-683.018536117511
1096.0,-671.7451180911438
1097.0,-660.6141101481446
1098.0,-649.6495548940156
1099.0,-638.8696079705327
1100.0,-628.2986255931878
1101.0,-617.9518981277802
1102.0,-607.8583591759563
1103.0,-598.0351394103899
1104.0,-588.5046927808742
1105.0,-579.2829874660115
1106.0,-570.3797891572311
1107.0,-561.8123158529928
1108.0,-553.5933603730821
1109.0,-545.7313479023311
1110.0,-538.2210004260673
1111.0,-531.0781227006165
1112.0,-524.327926577514
1113.0,-517.966164465644
1114.0,-511.9553787504972
1115.0,-506.31484832275197
1116.0,-501.1027615406213
1117.0,-496.30886140132395
1118.0,-491.8518966512328
1119.0,-487.7827102757154
1120.0,-484.09962540846874
1121.0,-480.7955371736166
1122.0,-477.8603714353317
1123.0,-475.28852401238026
1124.0,-473.0729641792491
1125.0,-471.2066727515168
1126.0,-469.68259443614653
1127.0,-468.490690233424
1128.0,-467.62428378211496
1129.0,-467.0748295093042
1130.0,-466.82511081542714
1131.0,-466.86845128889
1132.0,-467.19303992182137
1133.0,-467.7794167218318
1134.0,-468.6184717225566
1135.0,-469.6942698878655
1136.0,-470.9838112772028
1137.0,-472.4753864551982
1138.0,-473.9238029305752
1139.0,-474.1358717646926
1140.0,-474.1029866143024
1141.0,-474.16072026182246
1142.0,-474.28895029428105
1143.0,-474.49159035298095
1144.0,-474.7132510593134
1145.0,-474.9700293423953
1146.0,-475.2696260667635
1147.0,-475.6156760633654
1148.0,-476.01030979785486
1149.0,-476.45479937300473
1150.0,-476.9498498480009
1151.0,-477.4970304299759
1152.0,-478.09720842272174
1153.0,-478.7510558460678
1154.0,-479.4594145110976
1155.0,-480.2223263835968
1156.0,-481.0401568931252
1157.0,-481.91241717384077
1158.0,-482.8397445437206
1159.0,-483.8223284251876
1160.0,-484.8590727815914
1161.0,-485.95056444308346
1162.0,-487.0968285140253
1163.0,-488.2963943140329
1164.0,-489.5493216619428
1165.0,-490.8554128222687
1166.0,-492.21341046157056
1167.0,-493.6225061889815
1168.0,-495.0823774940056
1169.0,-496.591790047667
1170.0,-498.1491324845431
1171.0,-499.7539231808836
1172.0,-501.4052267839303
1173.0,-503.10210547030437
1174.0,-504.8433758576451
1175.0,-506.6265090855346
1176.0,-508.45106048163507
1177.0,-510.3157286825187
1178.0,-512.2191759146299
1179.0,-514.1600279942849
1180.0,-516.1361214744073
1181.0,-518.1461076866804
1182.0,-520.1884183947593
1183.0,-522.2613539986855
1184.0,-524.3631610631595
1185.0,-526.4921762649825
1186.0,-528.6466370347946
1187.0,-530.8246041879748
1188.0,-533.0241642113838
1189.0,-535.2433552706734
1190.0,-537.4803493819156
1191.0,-539.7336643308632
1192.0,-542.0010103074662
1193.0,-544.2803842337996
1194.0,-546.5697503410447
1195.0,-548.8670401694872
1196.0,-551.1709003470846
1197.0,-553.4789583180194
1198.0,-555.7891814233452
1199.0,-558.099524386394
1200.0,-560.4079239960464
1201.0,-562.7408905936352
1202.0,-565.0681182815605
1203.0,-567.386948739579
1204.0,-569.6953471167699
1205.0,-571.9910800844084
1206.0,-574.2736833959038
1207.0,-576.5395622858096
1208.0,-578.7889167226275
1209.0,-581.0175027043019
1210.0,-583.2260190884812
1211.0,-585.4098003230415
1212.0,-587.5701995682062
1213.0,-589.7029829905385
1214.0,-591.8079649409073
1215.0,-593.8826891319768
1216.0,-595.925177923598
1217.0,-597.9337946755793
1218.0,-599.9066041301882
1219.0,-601.8417892815539
1220.0,-603.7382033735843
1221.0,-605.5939077324531
1222.0,-607.407066097055
1223.0,-609.175894339375
1224.0,-610.8992536078931
1225.0,-612.5761569048635
1226.0,-614.2044643137551
1227.0,-615.7825758715658
1228.0,-617.3089162749186
1229.0,-618.7836802690324
1230.0,-620.2045606809675
1231.0,-621.5701612668453
1232.0,-622.8790857827861
1233.0,-624.1308975727503
1234.0,-625.324798152099
1235.0,-626.4590982961014
1236.0,-627.532611847833
1237.0,-628.5443595069703
1238.0,-629.4948679594886
1239.0,-630.3822611480974
1240.0,-631.205573415569
1241.0,-631.963839104674
1242.0,-632.6574237396793
1243.0,-633.2856503224849
1244.0,-633.8473661178754
1245.0,-634.3418389561373
1246.0,-634.7687824178364
1247.0,-635.129084773959
1248.0,-635.4213433298958
1249.0,-635.6450709680374
1250.0,-635.7997805707737
1251.0,-635.9038985001126
1252.0,-634.7264804848085
1253.0,-630.5605055665225
1254.0,-626.3497412900776
1255.0,-622.1009032636139
1256.0,-617.8244551844239
1257.0,-613.5324271950846
1258.0,-609.238158567578
1259.0,-604.946461123569
1260.0,-600.6753661642947
1261.0,-596.4332817356719
1262.0,-592.233804364631
1263.0,-588.0877425742922
1264.0,-584.0031615311063
1265.0,-579.9906459403026
1266.0,-576.0567260798424
1267.0,-572.2104121335708
1268.0,-568.4570943776774
1269.0,-564.8044179247548
1270.0,-561.2573840111139
1271.0,-557.8227021616829
1272.0,-554.5062423768039
1273.0,-551.3111317009773
1274.0,-548.2429875168395
1275.0,-545.3061530611454
1276.0,-542.5023606387605
1277.0,-539.8351788348872
1278.0,-537.3069667610896
1279.0,-534.9192076348511
1280.0,-532.6732358428128
1281.0,-530.569762416912
1282.0,-528.6099755044997
1283.0,-526.7935720863968
1284.0,-525.1198890466712
1285.0,-523.5878193939582
1286.0,-522.1957430472752
1287.0,-520.9442874659441
1288.0,-519.8302407763395
1289.0,-518.8509589619537
1290.0,-518.0034473628846
1291.0,-517.2842657621603
1292.0,-516.6938715186512
1293.0,-516.2266671996083
1294.0,-515.8787691456209
1295.0,-515.645946270284
1296.0,-515.5237823497522
1297.0,-515.5116142043477
1298.0,-515.6029515908732
1299.0,-515.7931056170797
1300.0,-516.077143780541
1301.0,-516.4501939292452
1302.0,-516.910623732906
1303.0,-517.4517029986571
1304.0,-518.0683963140065
1305.0,-518.7555212155859
1306.0,-519.5081517517243
1307.0,-520.323953717552
1308.0,-521.1964325172963
1309.0,-522.1205821893165
1310.0,-523.0913339832553
1311.0,-524.1040088888859
1312.0,-525.1558721578887
1313.0,-526.2409982575033
1314.0,-527.354703672573
1315.0,-528.4923118424316
1316.0,-529.649624313036
1317.0,-530.823872041942
1318.0,-532.0098970997683
1319.0,-533.2035749165207
1320.0,-534.4008450121438
1321.0,-535.5812356634607
1322.0,-536.7694464827514
1323.0,-537.9563461805812
1324.0,-539.1377285002542
1325.0,-540.308226224018
1326.0,-541.4628241393721
1327.0,-542.5964546267218
1328.0,-543.7081647905619
1329.0,-544.7922536530336
1330.0,-545.8459503429864
1331.0,-546.8706808394734
1332.0,-547.8667445307055
1333.0,-548.8213438881965
1334.0,-549.714986056704
1335.0,-550.5643012407976
1336.0,-551.4289426563645
1337.0,-552.2384908800198
1338.0,-552.9884030485191
1339.0,-553.6909624823256
1340.0,-554.3482594715292
1341.0,-554.9896266057548
1342.0,-555.5735873330725
1343.0,-556.1375932505483
1344.0,-556.6231471232586
1345.0,-557.0460199480513
1346.0,-557.4394067027157
1347.0,-557.7883690695429
1348.0,-558.0976362549659
1349.0,-558.3616344677188
1350.0,-558.5829699269635
1351.0,-558.7612470676593
1352.0,-558.8988483392342
1353.0,-558.9960535546234
1354.0,-559.0533958537105
1355.0,-559.0724623416304
1356.0,-559.0545465089102
1357.0,-559.0008847506433
1358.0,-558.911551518503
1359.0,-558.789083993811
1360.0,-558.6343337470215
1361.0,-558.4484503092942
1362.0,-558.2331681166786
1363.0,-557.9896161183982
1364.0,-557.7205664194721
1365.0,-557.4278107121942
1366.0,-557.112646431949
1367.0,-556.7757581269865
1368.0,-556.4193148908339
1369.0,-556.0449836825843
1370.0,-555.653956769822
1371.0,-555.246740456862
1372.0,-554.8253919768788
1373.0,-554.3913442234169
1374.0,-553.9461402276368
1375.0,-553.4914564796222
1376.0,-553.028643961904
1377.0,-552.5591864765106
1378.0,-552.0852956765141
1379.0,-551.6099132706311
1380.0,-551.1340329211653
1381.0,-550.6594548026327
1382.0,-550.1863731079181
1383.0,-549.713672826141
1384.0,-549.2441337989533
1385.0,-548.7788978900611
1386.0,-548.3178960997766
1387.0,-547.8602780910556
1388.0,-547.4078547754892
1389.0,-546.9612987365231
1390.0,-546.5236175204416
1391.0,-546.0989646289036
1392.0,-545.68684475377
1393.0,-545.2887880556118
1394.0,-544.9006398466285
1395.0,-544.516257418156
1396.0,-544.1397419382766
1397.0,-543.7706407251213
1398.0,-543.4147540250327
1399.0,-543.0792599842895
1400.0,-542.761153334386
1401.0,-542.4620566463437
1402.0,-542.1810042148329
1403.0,-541.9167680543608
1404.0,-541.6719222068277
1405.0,-541.4472704196289
1406.0,-541.234303915751
1407.0,-541.0245937322549
1408.0,-540.8220169087306
1409.0,-540.6245643013732
1410.0,-540.4418489747986
1411.0,-540.2822012479621
1412.0,-540.1401821017465
1413.0,-540.0171393065053
1414.0,-539.9049278259655
1415.0,-539.7973480445147
1416.0,-539.6982406420316
1417.0,-539.6063278102832
1418.0,-539.5309691319826
1419.0,-539.4784072260925
1420.0,-539.4448936610922
1421.0,-539.4319717032242
1422.0,-539.4260570491366
1423.0,-539.419242322215
1424.0,-539.416154438314
1425.0,-539.4144851655693
1426.0,-539.421069752291
1427.0,-539.4386082685896
1428.0,-539.4631724663111
1429.0,-539.4946915504985
1430.0,-539.5320687889428
1431.0,-539.5747455193612
1432.0,-539.6228069890802
1433.0,-539.675940854098
1434.0,-539.7318887773251
1435.0,-539.789545115521
1436.0,-539.8488475061066
1437.0,-539.9090423300644
1438.0,-539.9727240179881
1439.0,-540.0402897951684
1440.0,-540.1106306898853
1441.0,-540.1475442912376
1442.0,-540.1839029505539
1443.0,-540.2195999486975
1444.0,-540.254209674982
1445.0,-540.2874545496578
1446.0,-540.3191680584981
1447.0,-540.3487725525159
1448.0,-540.3763423618542
1449.0,-540.4011355525886
1450.0,-540.4233901933156
1451.0,-540.4423030116031
1452.0,-540.4581916317636
1453.0,-540.4704319393419
1454.0,-540.4790321775438
1455.0,-540.4838165127577
1456.0,-540.484506456897
1457.0,-540.4809562378551
1458.0,-540.4730371834283
1459.0,-540.4606297308875
1460.0,-540.4435512479172
1461.0,-540.4219670364456
1462.0,-540.3956872741846
1463.0,-540.3645597122442
1464.0,-540.3284630290802
1465.0,-540.2875294614144
1466.0,-540.2419497034191
1467.0,-540.1914649310218
1468.0,-540.1360266709769
1469.0,-540.075608058426
1470.0,-540.0107696307929
1471.0,-539.9412237842888
1472.0,-539.866993734533
1473.0,-539.788102697145
1474.0,-539.704865756399
1475.0,-539.6174305763135
1476.0,-539.5257558650217
1477.0,-539.429923030095
1478.0,-539.3300787361223
1479.0,-539.2266063390058
1480.0,-539.1194646818318
1481.0,-539.0087786220992
1482.0,-538.8946730173074
1483.0,-538.7774654035456
1484.0,-538.6572729540878
1485.0,-538.5342143868697
1486.0,-538.4084433366487
1487.0,-538.2801592567139
1488.0,-538.149599266984
1489.0,-538.0168814231866
1490.0,-537.8821755198413
1491.0,-537.7456513514671
1492.0,-537.6075152991395
1493.0,-537.467924525231
1494.0,-537.3270522699413
1495.0,-537.1850726193717
1496.0,-537.0421361349939
1497.0,-536.8983997720517
1498.0,-536.7540456652335
1499.0,-536.6092424382522
1500.0,-536.4641454912717
1501.0,-536.3188160665864
1502.0,-536.1734656785878
1503.0,-536.0282489587103
1504.0,-535.8833205383887
1505.0,-535.7387163584244
1506.0,-535.5945740237488
1507.0,-535.4510608194513
1508.0,-535.3083113301976
1509.0,-535.1664056270848
1510.0,-535.0253308468909
1511.0,-534.8852828647151
1512.0,-534.7463716876575
1513.0,-534.6087073228192
1514.0,-534.4721948047037
1515.0,-534.3369896030568
1516.0,-534.2031929226117
1517.0,-534.070888089333
1518.0,-533.9400589593695
1519.0,-533.8106769094568
1520.0,-533.6828750536026
1521.0,-533.5567092902578
1522.0,-533.4322246457258
1523.0,-533.3092580845143
1524.0,-533.1879517223301
1525.0,-533.0683352445623
1526.0,-532.9504383365996
1527.0,-532.8341659870579
1528.0,-532.7195018251466
1529.0,-532.6065002297782
1530.0,-532.4951667940405
1531.0,-532.3854734199177
1532.0,-532.277285343492
1533.0,-532.1706653530923
1534.0,-532.0655983497345
1535.0,-531.9620692344348
1536.0,-531.8599465977946
1537.0,-531.7592241508515
1538.0,-531.6598887918735
1539.0,-531.5619084925206
1540.0,-531.4652137475947
1541.0,-531.3697098482639
1542.0,-531.2753916523624
1543.0,-531.1822145348558
1544.0,-531.0901338707106
1545.0,-530.9990318260872
1546.0,-530.9088908603054
1547.0,-530.8196586995809
1548.0,-530.7312823186987
1549.0,-530.6436898716333
1550.0,-530.5568160086706
1551.0,-530.4706135910142
1552.0,-530.3850253739079
1553.0,-530.2999934768401
1554.0,-530.2154561687835
1555.0,-530.1313580029296
1556.0,-530.0476411378361
1557.0,-529.9642477320612
1558.0,-529.8811366694014
1559.0,-529.798251778492
1560.0,-529.7155337312678
1561.0,-529.6560038913049
1562.0,-529.5965296797744
1563.0,-529.5370606250684
1564.0,-529.4775533703761
1565.0,-529.4179564029884
1566.0,-529.3582708913066
1567.0,-529.2984111494408
1568.0,-529.2383995231155
1569.0,-529.178137812324
1570.0,-529.1176608299795
1571.0,-529.0568681885867
1572.0,-528.9957971839553
1573.0,-528.934376649838
1574.0,-528.8726024193865
1575.0,-528.8104559827952
1576.0,-528.747901049954
1577.0,-528.6849208421024
1578.0,-528.6214973208188
1579.0,-528.5576156869481
1580.0,-528.4932531467398
1581.0,-528.4284185596489
1582.0,-528.3630968776223
1583.0,-528.2972665887032
1584.0,-528.2309121058674
1585.0,-528.1640490897487
1586.0,-528.0966872577519
1587.0,-528.0288007745077
1588.0,-527.9603820869514
1589.0,-527.8914407912006
1590.0,-527.8220123881044
1591.0,-527.7520728714192
1592.0,-527.6816225774032
1593.0,-527.6106662840219
1594.0,-527.539252956076
1595.0,-527.4673649625477
1596.0,-527.3950092288128
1597.0,-527.3221926802487
1598.0,-527.2489580842727
1599.0,-527.1753055288656
1600.0,-527.101243864274
1601.0,-527.0267850785083
1602.0,-526.9519593147347
1603.0,-526.8767844058935
1604.0,-526.8012697317769
1605.0,-526.7254309114716
1606.0,-526.6492908363289
1607.0,-526.572874703694
1608.0,-526.496194368579
1609.0,-526.4192677567485
1610.0,-526.3421144554997
1611.0,-526.2647592409
1612.0,-526.1872174602465
1613.0,-526.1095081269486
1614.0,-526.0316502535882
1615.0,-525.9536627952078
1616.0,-525.8755647865237
1617.0,-525.7973752337113
1618.0,-525.7191131429455
1619.0,-525.6407896191278
1620.0,-525.5624235874313
1621.0,-525.4840340063879
1622.0,-525.4056384063389
1623.0,-525.3272542797376
1624.0,-525.2488990811515
1625.0,-525.1705832552293
1626.0,-525.0923106384301
1627.0,-525.0141050932058
1628.0,-524.9359808552343
1629.0,-524.8579518733185
1630.0,-524.7800318093867
1631.0,-524.7022340384923
1632.0,-524.6245514319537
1633.0,-524.5470033017046
1634.0,-524.4696007590419
1635.0,-524.3923529101908
1636.0,-524.315268316096
1637.0,-524.238354992423
1638.0,-524.1616153624262
1639.0,-524.0850510777788
1640.0,-524.0086713013387
1641.0,-523.932480226239
1642.0,-523.8564813592603
1643.0,-523.7806775208325
1644.0,-523.7050708349209
1645.0,-523.6296622524358
1646.0,-523.5544527584264
1647.0,-523.4794423626718
1648.0,-523.4046303827702
1649.0,-523.330015444138
1650.0,-523.2555954800108
1651.0,-523.1813721142178
1652.0,-523.107344102413
1653.0,-523.0335059574768
1654.0,-522.9598539707783
1655.0,-522.8863838374272
1656.0,-522.8130906562724
1657.0,-522.7399703355842
1658.0,-522.6670276754587
1659.0,-522.5942509760207
1660.0,-522.5216346058836
1661.0,-522.4491724837953
1662.0,-522.376858078639
1663.0,-522.3046844094289
1664.0,-522.2326530303735
1665.0,-522.1607572862836
1666.0,-522.0889875888993
1667.0,-522.017337055314
1668.0,-521.9457985127513
1669.0,-521.8743644985631
1670.0,-521.8030299922362
1671.0,-521.7317964926139
1672.0,-521.6606511513962
1673.0,-521.5895870824014
1674.0,-521.5185972616388
1675.0,-521.447674527307
1676.0,-521.3768115797957
1677.0,-521.3060163710928
1678.0,-521.2352785657123
1679.0,-521.1645894685967
1680.0,-521.0939431409494
1681.0,-521.0127609754734
1682.0,-520.9316051116452
1683.0,-520.8504705695156
1684.0,-520.7693524398564
1685.0,-520.6882448476138
1686.0,-520.6071478917286
1687.0,-520.5260517225055
1688.0,-520.4449588925004
1689.0,-520.3638580027937
1690.0,-520.2827530896787
1691.0,-520.2016323794684
1692.0,-520.1205002461514
1693.0,-520.0393482313585
1694.0,-519.9581758395944
1695.0,-519.8769808487583
1696.0,-519.7957587998449
1697.0,-519.7145077077776
1698.0,-519.633225301239
1699.0,-519.5519096420302
1700.0,-519.4705579762649
1701.0,-519.3891710071027
1702.0,-519.30774682634
1703.0,-519.2262827916919
1704.0,-519.1447769200564
1705.0,-519.063230707572
1706.0,-518.981645002315
1707.0,-518.9000166761332
1708.0,-518.8183446424802
1709.0,-518.7366297491315
1710.0,-518.6548757512968
1711.0,-518.5730797131832
1712.0,-518.4912414368124
1713.0,-518.4093612409986
1714.0,-518.3274444689375
1715.0,-518.2454888758552
1716.0,-518.1634950166173
1717.0,-518.0814634460872
1718.0,-517.9993989205338
1719.0,-517.9173011689112
1720.0,-517.8351709819669
1721.0,-517.7530095054932
1722.0,-517.670820087589
1723.0,-517.5886045513071
1724.0,-517.5063637386918
1725.0,-517.4240992325069
1726.0,-517.3418135516354
1727.0,-517.2595094738929
1728.0,-517.1771881120251
1729.0,-517.0948513413517
1730.0,-517.0125012858355
1731.0,-516.9301408013014
1732.0,-516.8477713937958
1733.0,-516.7653950960839
1734.0,-516.6830139466907
1735.0,-516.6006302524044
1736.0,-516.5182459458933
1737.0,-516.4358630941821
1738.0,-516.3534837642968
1739.0,-516.2711093581115
1740.0,-516.1887419507551
1741.0,-516.1063835997112
1742.0,-516.0240362497068
1743.0,-515.9417018423404
1744.0,-515.859382316083
1745.0,-515.777078891013
1746.0,-515.6947921827185
1747.0,-515.6125247571417
1748.0,-515.5302782348474
1749.0,-515.4480542085037
1750.0,-515.3658542428841
1751.0,-515.2836798748673
1752.0,-515.2015303957567
1753.0,-515.1194080355828
1754.0,-515.0373140776959
1755.0,-514.9552496092858
1756.0,-514.8732156616801
1757.0,-514.7912132103439
1758.0,-514.7092425457022
1759.0,-514.62730390991
1760.0,-514.5453984416334
1761.0,-514.4635266927932
1762.0,-514.3816891422636
1763.0,-514.2998861958756
1764.0,-514.2181181794562
1765.0,-514.1363851065921
1766.0,-514.0546872749823
1767.0,-513.9730247655856
1768.0,-513.8913975833974
1769.0,-513.80980565745
1770.0,-513.7282488408121
1771.0,-513.6467273186748
1772.0,-513.5652409830268
1773.0,-513.4837893405399
1774.0,-513.4023720435127
1775.0,-513.3209886770477
1776.0,-513.2396387590514
1777.0,-513.1583218954064
1778.0,-513.077038580626
1779.0,-512.995787619042
1780.0,-512.9145684307803
1781.0,-512.8333803838862
1782.0,-512.7522227943246
1783.0,-512.6710949259798
1784.0,-512.5899969715044
1785.0,-512.5089282005698
1786.0,-512.4278875943467
1787.0,-512.3468744125612
1788.0,-512.2658878800587
1789.0,-512.1849271868061
1790.0,-512.1039917999026
1791.0,-512.0230818739124
1792.0,-511.942196003233
1793.0,-511.8613334295324
1794.0,-511.7804933763336
1795.0,-511.69967504901695
1796.0,-511.61887763482054
1797.0,-511.5381020639111
1798.0,-511.4573471413874
1799.0,-511.3766119027068
1800.0,-511.2958956786157
1801.0,-511.2218746630503
1802.0,-511.14787003821317
1803.0,-511.0738819240046
1804.0,-510.999909788818
1805.0,-510.9259529743107
1806.0,-510.85201147752156
1807.0,-510.77808417399655
1808.0,-510.704171351278
1809.0,-510.6302716824463
1810.0,-510.55638563666565
1811.0,-510.4825118276486
1812.0,-510.4086507704065
1813.0,-510.3348014543265
1814.0,-510.26096382019506
1815.0,-510.187137599274
1816.0,-510.1133222398652
1817.0,-510.03951750578887
1818.0,-509.96572311065546
1819.0,-509.8919388015128
1820.0,-509.8181642435424
1821.0,-509.74439947801545
1822.0,-509.6706442600423
1823.0,-509.5968982642413
1824.0,-509.5231612374864
1825.0,-509.4494333135331
1826.0,-509.3757145541059
1827.0,-509.30200457874287
1828.0,-509.22830323401746
1829.0,-509.1546105835791
1830.0,-509.080927017363
1831.0,-509.00725217441425
1832.0,-508.93358600102493
1833.0,-508.85992850230747
1834.0,-508.78628025513035
1835.0,-508.7126409728648
1836.0,-508.63901068747754
1837.0,-508.5653894309358
1838.0,-508.49177772269263
1839.0,-508.4181754988569
1840.0,-508.34458281877625
1841.0,-508.27099978297986
1842.0,-508.1974267545792
1843.0,-508.1238639148134
1844.0,-508.0503113280119
1845.0,-507.9767691467991
1846.0,-507.9032376403081
1847.0,-507.8297171098477
1848.0,-507.7562076495646
1849.0,-507.6827094484893
1850.0,-507.6092227296052
1851.0,-507.535747815769
1852.0,-507.4622848456099
1853.0,-507.38883402965035
1854.0,-507.31539557970905
1855.0,-507.24196976780166
1856.0,-507.16855678198715
1857.0,-507.09515684047716
1858.0,-507.02177016148266
1859.0,-506.94839691485004
1860.0,-506.8750373193921
1861.0,-506.8016915926214
1862.0,-506.72835994385844
1863.0,-506.65504258219585
1864.0,-506.5817397164989
1865.0,-506.5084514856153
1866.0,-506.4351779695687
1867.0,-506.3619194386469
1868.0,-506.2886760710171
1869.0,-506.2154480422045
1870.0,-506.14223552508986
1871.0,-506.0690386899126
1872.0,-505.9958574656979
1873.0,-505.92269209800844
1874.0,-505.8495427308631
1875.0,-505.77640948756004
1876.0,-505.7032924857476
1877.0,-505.6301918374215
1878.0,-505.5571075733063
1879.0,-505.48403971943577
1880.0,-505.4109884105882
1881.0,-505.33795371211124
1882.0,-505.264935681637
1883.0,-505.1919343690813
1884.0,-505.1189498152781
1885.0,-505.0459820065286
1886.0,-504.9730309913298
1887.0,-504.90009678233434
1888.0,-504.82717938390755
1889.0,-504.7542787921271
1890.0,-504.6813949947844
1891.0,-504.6085280067961
1892.0,-504.53567781592596
1893.0,-504.46284437482603
1894.0,-504.390027647081
1895.0,-504.3172275887507
1896.0,-504.2444441483675
1897.0,-504.17167728279765
1898.0,-504.0989270389788
1899.0,-504.0261932905768
1900.0,-503.9534759734838
1901.0,-503.8807750176093
1902.0,-503.8080903468805
1903.0,-503.7354218792405
1904.0,-503.66276963160533
1905.0,-503.5901335216888
1906.0,-503.51751343596703
1907.0,-503.44490929029587
1908.0,-503.3723209963885
1909.0,-503.2997484618157
1910.0,-503.2271916241818
1911.0,-503.15465049600556
1912.0,-503.0821249186859
1913.0,-503.0096148041603
1914.0,-502.93712006205607
1915.0,-502.86464059969086
1916.0,-502.79217632207263
1917.0,-502.7197273299497
1918.0,-502.64729348477675
1919.0,-502.5748746737028
1920.0,-502.5024708167923
1921.0,-502.864921252878
1922.0,-503.2273856632895
1923.0,-503.5898646781792
1924.0,-503.95235826151486
1925.0,-504.3148663485845
1926.0,-504.67738892768483
1927.0,-505.0399258737286
1928.0,-505.40247721637496
1929.0,-505.7650427925952
1930.0,-506.12762265984327
1931.0,-506.49021664350073
1932.0,-506.852824808439
1933.0,-507.2154470234705
1934.0,-507.578083280908
1935.0,-507.9407335450042
1936.0,-508.30339773911567
1937.0,-508.6660758328492
1938.0,-509.0287677860825
1939.0,-509.39147356202886
1940.0,-509.75419311573506
1941.0,-510.11692644225144
1942.0,-510.47967350602437
1943.0,-510.8424342628924
1944.0,-511.2052086764208
1945.0,-511.56799675327375
1946.0,-511.9307984920926
1947.0,-512.293613842257
1948.0,-512.6564427784396
1949.0,-513.019285299717
1950.0,-513.3821414418517
1951.0,-513.7450111561827
1952.0,-514.1078944285945
1953.0,-514.4707912516731
1954.0,-514.8337016831731
1955.0,-515.1966256824306
1956.0,-515.5595632450937
1957.0,-515.9225143668102
1958.0,-516.2854790997376
1959.0,-516.6484574284124
1960.0,-517.011449351657
1961.0,-517.3744548730673
1962.0,-517.737474027411
1963.0,-518.1005068278672
1964.0,-518.4635532737337
1965.0,-518.8266133747908
1966.0,-519.1896871552123
1967.0,-519.5527746431479
1968.0,-519.9158758411536
1969.0,-520.2789907635073
1970.0,-520.6421194290024
1971.0,-521.0052618697152
1972.0,-521.3684180932202
1973.0,-521.7315881166539
1974.0,-522.0947719573747
1975.0,-522.4579696430255
1976.0,-522.8211811869044
1977.0,-523.1844066074617
1978.0,-523.5476459231472
1979.0,-523.910899150173
1980.0,-524.2741663070165
1981.0,-524.6374474120961
1982.0,-525.0007424834492
1983.0,-525.3640515391052
1984.0,-525.7273745970806
1985.0,-526.0907116688604
1986.0,-526.4540627604399
1987.0,-526.8174278956104
1988.0,-527.1808070895628
1989.0,-527.5442003572522
1990.0,-527.9076077133969
1991.0,-528.2710291724798
1992.0,-528.6344647234419
1993.0,-528.9979143888428
1994.0,-529.361378180516
1995.0,-529.7248561081409
1996.0,-530.0883481808419
1997.0,-530.4518544071877
1998.0,-530.8153747862104
1999.0,-531.1789093165005
2000.0,-531.5424580096796
2001.0,-531.9060208692398
2002.0,-532.2695978978717
2003.0,-532.6331890974664
2004.0,-532.9967944688959
2005.0,-533.3604140047919
2006.0,-533.7240477080968
2007.0,-534.0876955764808
2008.0,-534.4513576067234
2009.0,-534.8150337947131
2010.0,-535.1787241354461
2011.0,-535.5424286258179
2012.0,-535.9061472603469
2013.0,-536.2698800305446
2014.0,-536.6336269285479
2015.0,-536.9973879456602
2016.0,-537.3611630723543
2017.0,-537.7249522998703
2018.0,-538.0887556284508
2019.0,-538.4525730408058
2020.0,-538.8164045258418
2021.0,-539.1802500717899
2022.0,-539.5441096662055
2023.0,-539.9079832959676
2024.0,-540.2718709584387
2025.0,-540.6357726403944
2026.0,-540.9996883252487
2027.0,-541.3636179994994
2028.0,-541.7275616491647
2029.0,-542.091519259782
2030.0,-542.4554908201314
2031.0,-542.8194763271251
2032.0,-543.1834757590052
2033.0,-543.5474891016693
2034.0,-543.911516340734
2035.0,-544.2755574615356
2036.0,-544.6396124491296
2037.0,-545.003681310454
2038.0,-545.3677640256471
2039.0,-545.7318605776991
2040.0,-546.0959709532624
2041.0,-546.3921447340065
2042.0,-546.6883315816781
2043.0,-546.9845321523597
2044.0,-547.2807464656048
2045.0,-547.5769745245071
2046.0,-547.8732163171325
2047.0,-548.1694718337734
2048.0,-548.4657410745888
2049.0,-548.7620240127379
2050.0,-549.0583206575697
2051.0,-549.3546309778251
2052.0,-549.6509549851162
2053.0,-549.9472926537605
2054.0,-550.2436439822526
2055.0,-550.5400089631208
2056.0,-550.8363875786042
2057.0,-551.1327798228973
2058.0,-551.4291856869869
2059.0,-551.725605162264
2060.0,-552.0220382391299
2061.0,-552.3184849115626
2062.0,-552.6149451708831
2063.0,-552.9114190076652
2064.0,-553.2079064131539
2065.0,-553.5044073835518
2066.0,-553.8009219141393
2067.0,-554.097449994529
2068.0,-554.393991617243
2069.0,-554.6905467776488
2070.0,-554.9871154753895
2071.0,-555.2836977002681
2072.0,-555.5802934461138
2073.0,-555.8769027075517
2074.0,-556.1735254869484
2075.0,-556.4701617749798
2076.0,-556.7668115666348
2077.0,-557.0634748569026
2078.0,-557.3601516474702
2079.0,-557.6568419320099
2080.0,-557.953545705887
2081.0,-558.2502629650327
2082.0,-558.5469937091814
2083.0,-558.8437379354341
2084.0,-559.1404956391971
2085.0,-559.4372668171566
2086.0,-559.7340514678349
2087.0,-560.0308495902625
2088.0,-560.3276611802028
2089.0,-560.6244862349163
2090.0,-560.921324752287
2091.0,-561.2181767320376
2092.0,-561.5150421705002
2093.0,-561.8119210653301
2094.0,-562.1088134142203
2095.0,-562.4057192166099
2096.0,-562.7026384695023
2097.0,-562.9995711707763
2098.0,-563.2965173183097
2099.0,-563.5934769102888
2100.0,-563.8904499445875
2101.0,-564.1874364190887
2102.0,-564.4844363317277
2103.0,-564.7814496804402
2104.0,-565.0784764631642
2105.0,-565.3755166773474
2106.0,-565.6725703200264
2107.0,-565.9696373895802
2108.0,-566.266717883743
2109.0,-566.563811800233
2110.0,-566.8609191367523
2111.0,-567.1580398909882
2112.0,-567.4551740580833
2113.0,-567.7523216365478
2114.0,-568.0494826238281
2115.0,-568.3466570171635
2116.0,-568.6438448137454
2117.0,-568.9410460107185
2118.0,-569.2382606041377
2119.0,-569.535488590022
2120.0,-569.8327299659222
2121.0,-570.1299847284607
2122.0,-570.4272528741847
2123.0,-570.7245343995655
2124.0,-571.0218293009679
2125.0,-571.3191375736319
2126.0,-571.616459214288
2127.0,-571.9137942189604
2128.0,-572.2111425835843
2129.0,-572.5085043040068
2130.0,-572.8058793759858
2131.0,-573.103267795328
2132.0,-573.400669557678
2133.0,-573.6980846584881
2134.0,-573.9955130931962
2135.0,-574.2929548571545
2136.0,-574.5904099456291
2137.0,-574.8878783539607
2138.0,-575.185360078384
2139.0,-575.482855113383
2140.0,-575.7803634540567
2141.0,-576.0778850954339
2142.0,-576.3754200324721
2143.0,-576.6729682600607
2144.0,-576.9705297742007
2145.0,-577.2681045697725
2146.0,-577.5656926413013
2147.0,-577.8632939836405
2148.0,-578.160908591594
2149.0,-578.4585364599169
2150.0,-578.7561775837139
2151.0,-579.0538319589664
2152.0,-579.3514995796513
2153.0,-579.64918044057
2154.0,-579.946874536497
2155.0,-580.2445818621774
2156.0,-580.542302412329
2157.0,-580.8400361841033
2158.0,-581.1377831716775
2159.0,-581.4355433695492
2160.0,-581.7333167726266
2161.0,-581.2527594494964
2162.0,-580.7722146279884
2163.0,-580.2916829440701
2164.0,-579.8111644231659
2165.0,-579.3306590764989
2166.0,-578.8501668925486
2167.0,-578.36968787594
2168.0,-577.88922202331
2169.0,-577.4087693256789
2170.0,-576.9283297860944
2171.0,-576.4479033923036
2172.0,-575.9674901488587
2173.0,-575.4870900444372
2174.0,-575.0067030783756
2175.0,-574.5263292471609
2176.0,-574.0459685416836
2177.0,-573.5656209594522
2178.0,-573.0852864960374
2179.0,-572.6049651471266
2180.0,-572.1246569081217
2181.0,-571.6443617741542
2182.0,-571.1640797406664
2183.0,-570.6838108031883
2184.0,-570.2035549571718
2185.0,-569.7233121987645
2186.0,-569.2430825239845
2187.0,-568.7628659280545
2188.0,-568.2826624066046
2189.0,-567.8024719556824
2190.0,-567.3222945719592
2191.0,-566.8421302506686
2192.0,-566.3619789876325
2193.0,-565.8818407787938
2194.0,-565.4017156212744
2195.0,-564.9216035104157
2196.0,-564.4415044422166
2197.0,-563.9614184126754
2198.0,-563.4813454187354
2199.0,-563.0012854562085
2200.0,-562.5212385211469
2201.0,-562.0412046096822
2202.0,-561.5611837184695
2203.0,-561.0811758438019
2204.0,-560.601180981738
2205.0,-560.1211991285138
2206.0,-559.6412302806772
2207.0,-559.1612744348628
2208.0,-558.6813315871493
2209.0,-558.2014017338695
2210.0,-557.7214848714666
2211.0,-557.2415809967064
2212.0,-556.7616901057595
2213.0,-556.2818121950277
2214.0,-555.8019472609238
2215.0,-555.3220953002841
2216.0,-554.8422563093532
2217.0,-554.3624302845877
2218.0,-553.8826172224449
2219.0,-553.4028171196189
2220.0,-552.9230299725635
2221.0,-552.4432557777396
2222.0,-551.9634945316476
2223.0,-551.4837462307888
2224.0,-551.0040108716667
2225.0,-550.5242884508303
2226.0,-550.0445789648688
2227.0,-549.5648824102475
2228.0,-549.0851987834935
2229.0,-548.6055280811358
2230.0,-548.125870299707
2231.0,-547.646225435742
2232.0,-547.1665934856286
2233.0,-546.686974445958
2234.0,-546.2073683132612
2235.0,-545.7277750840614
2236.0,-545.2481947548822
2237.0,-544.7686273222482
2238.0,-544.2890727825762
2239.0,-543.809531132286
2240.0,-543.3300023679611
2241.0,-542.850486486095
2242.0,-542.370983483179
2243.0,-541.8914933557016
2244.0,-541.4120161001459
2245.0,-540.9325517128362
2246.0,-540.4531001903271
2247.0,-539.9736615290781
2248.0,-539.4942357255441
2249.0,-539.0148227761763
2250.0,-538.535422677422
2251.0,-538.0560354257148
2252.0,-537.5766610174896
2253.0,-537.0972994491835
2254.0,-536.6179507172258
2255.0,-536.1386148180403
2256.0,-535.6592917480472
2257.0,-535.1799815036743
2258.0,-534.700684081419
2259.0,-534.2213994776489
2260.0,-533.7421276887804
2261.0,-533.2628687112267
2262.0,-532.783622541398
2263.0,-532.3043891757015
2264.0,-531.8251686106796
2265.0,-531.3459608427481
2266.0,-530.8667658682883
2267.0,-530.3875836837226
2268.0,-529.9084142854746
2269.0,-529.4292576699663
2270.0,-528.9501138336567
2271.0,-528.47098277309
2272.0,-527.991864484628
2273.0,-527.5127589647135
2274.0,-527.0336662097898
2275.0,-526.5545862163028
2276.0,-526.0755189806987
2277.0,-525.5964644997067
2278.0,-525.1174227697205
2279.0,-524.6383937871756
2280.0,-524.1593775485582
2281.0,-523.6797450315825
2282.0,-523.2001245831852
2283.0,-522.7205168185153
2284.0,-522.2409217633125
2285.0,-521.7613394301876
2286.0,-521.2817698079318
2287.0,-520.8022129036482
2288.0,-520.3226687134687
2289.0,-519.8431372321928
2290.0,-519.3636184615345
2291.0,-518.8841123932295
2292.0,-518.4046190303476
2293.0,-517.9251383648965
2294.0,-517.4456703964076
2295.0,-516.966215122308
2296.0,-516.4867725356279
2297.0,-516.0073426346362
2298.0,-515.527925416112
2299.0,-515.048520876954
2300.0,-514.5691290137647
2301.0,-514.0897498225162
2302.0,-513.6103832997929
2303.0,-513.1310294423524
2304.0,-512.6516882467965
2305.0,-512.1723597098869
2306.0,-511.69304382835435
2307.0,-511.2137405987494
2308.0,-510.7344500177152
2309.0,-510.2551720820168
2310.0,-509.77590678860304
2311.0,-509.29665413399994
2312.0,-508.8174141149071
2313.0,-508.3381867280634
2314.0,-507.8589719705943
2315.0,-507.37976983904156
2316.0,-506.90058033016214
2317.0,-506.4214034407134
2318.0,-505.94223916766686
2319.0,-505.46308750773744
2320.0,-504.98394845769417
2321.0,-504.50482201432476
2322.0,-504.0257081745646
2323.0,-503.5466069352474
2324.0,-503.06751829313936
2325.0,-502.58844224505765
2326.0,-502.10937878789946
2327.0,-501.63032791858353
2328.0,-501.1512896338868
2329.0,-500.6722639306512
2330.0,-500.19325080576596
2331.0,-499.7142502562616
2332.0,-499.23526227890875
2333.0,-498.7562868705796
2334.0,-498.2773240281503
2335.0,-497.7983737486685
2336.0,-497.3194360289424
2337.0,-496.84051086586544
2338.0,-496.36159825633246
2339.0,-495.8826981974007
2340.0,-495.40381068596207
2341.0,-494.92493571891305
2342.0,-494.44607329317796
2343.0,-493.9672234056817
2344.0,-493.48838605334976
2345.0,-493.0095612331719
2346.0,-492.53074894219134
2347.0,-492.05194917727977
2348.0,-491.57316193539316
2349.0,-491.0943872134902
2350.0,-490.6156250085319
2351.0,-490.13687531748343
2352.0,-489.6581381374101
2353.0,-489.17941346524907
2354.0,-488.7007012979815
2355.0,-488.2220016325984
2356.0,-487.74331446609574
2357.0,-487.2646397954728
2358.0,-486.78597761772164
2359.0,-486.3073279298387
2360.0,-485.82869072884284
2361.0,-485.3500660117463
2362.0,-484.87145377556567
2363.0,-484.3928540173215
2364.0,-483.9142667340382
2365.0,-483.43569192275146
2366.0,-482.9571295804899
2367.0,-482.47857970429067
2368.0,-482.00004229119406
2369.0,-481.52151733824496
2370.0,-481.0430048424928
2371.0,-480.5645048009519
2372.0,-480.08601721066134
2373.0,-479.60754206869296
2374.0,-479.1290793721019
2375.0,-478.650629117946
2376.0,-478.17219130328664
2377.0,-477.6937659251902
2378.0,-477.2153529807361
2379.0,-476.7369524669897
2380.0,-476.2585643810263
2381.0,-475.7801887199255
2382.0,-475.3018254807694
2383.0,-474.8234746606438
2384.0,-474.34513625665755
2385.0,-473.86681026590526
2386.0,-473.38849668547977
2387.0,-472.9101955124845
2388.0,-472.431906744026
2389.0,-471.95363037721427
2390.0,-471.47536640916735
2391.0,-470.9971148370126
2392.0,-470.51887565786683
2393.0,-470.0406488688569
2394.0,-469.56243446711386
2395.0,-469.0842324497714
2396.0,-468.60604281396917
2397.0,-468.12786555686586
2398.0,-467.6497006756043
2399.0,-467.17154816733307
2400.0,-466.6934080292088
2401.0,-466.6285562083499
2402.0,-466.5637161036022
2403.0,-466.498888312597
2404.0,-466.4340728607204
2405.0,-466.3692697609025
2406.0,-466.30447900229
2407.0,-466.23970059296545
2408.0,-466.1749345288796
2409.0,-466.1101808064437
2410.0,-466.04543942681346
2411.0,-465.98071038367044
2412.0,-465.91599367936226
2413.0,-465.8512893074107
2414.0,-465.78659726743564
2415.0,-465.72191755733377
2416.0,-465.6572501713458
2417.0,-465.5925951080752
2418.0,-465.527952364911
2419.0,-465.4633219393594
2420.0,-465.39870382863813
2421.0,-465.3340980293278
2422.0,-465.2695045386243
2423.0,-465.20492335389685
2424.0,-465.14035447235915
2425.0,-465.07579789129
2426.0,-465.0112536079556
2427.0,-464.94672161954855
2428.0,-464.8822019232992
2429.0,-464.81769451650763
2430.0,-464.7531993965788
2431.0,-464.688716560677
2432.0,-464.62424600606386
2433.0,-464.5597877300282
2434.0,-464.4953417301078
2435.0,-464.4309080034631
2436.0,-464.36648654739435
2437.0,-464.30207735920106
2438.0,-464.23768043629207
2439.0,-464.1732957759456
2440.0,-464.1089233754681
2441.0,-464.0445632321749
2442.0,-463.98021534345304
2443.0,-463.9158797066406
2444.0,-463.85155631904263
2445.0,-463.7872451779887
2446.0,-463.7229462808489
2447.0,-463.65865962500453
2448.0,-463.59438520776513
2449.0,-463.53012302647244
2450.0,-463.4658730784972
2451.0,-463.40163536129205
2452.0,-463.33740987215765
2453.0,-463.27319660845404
2454.0,-463.20899556754443
2455.0,-463.1448067469435
2456.0,-463.0806301439552
2457.0,-463.01646575595845
2458.0,-462.95231358033294
2459.0,-462.8881736145392
2460.0,-462.8240458559558
2461.0,-462.75993030196315
2462.0,-462.69582694995563
2463.0,-462.6317357973276
2464.0,-462.56765684147473
2465.0,-462.5035900798572
2466.0,-462.43953550999083
2467.0,-462.37549312921374
2468.0,-462.31146293495044
2469.0,-462.24744492462776
2470.0,-462.18343909567585
2471.0,-462.1194454455264
2472.0,-462.05546397166097
2473.0,-461.9914946715012
2474.0,-461.9275375424911
2475.0,-461.8635925820802
2476.0,-461.7996597877219
2477.0,-461.73573915687234
2478.0,-461.6718306870004
2479.0,-461.6079343755783
2480.0,-461.54405022006665
2481.0,-461.4801782179379
2482.0,-461.41631836666755
2483.0,-461.35247066373455
2484.0,-461.288635106622
2485.0,-461.2248116928218
2486.0,-461.1610004198204
2487.0,-461.0972012851121
2488.0,-461.03341428619433
2489.0,-460.9696394205672
2490.0,-460.90587668573573
2491.0,-460.8421260791796
2492.0,-460.77838759839705
2493.0,-460.7146612409113
2494.0,-460.650947004234
2495.0,-460.58724488587933
2496.0,-460.52355488336474
2497.0,-460.45987699421437
2498.0,-460.39621121597895
2499.0,-460.33255754617187
2500.0,-460.26891598232663
2501.0,-460.20528652197993
2502.0,-460.14166916267135
2503.0,-460.07806390194463
2504.0,-460.0144707373285
2505.0,-459.95088966637115
2506.0,-459.887320686628
2507.0,-459.82376379565187
2508.0,-459.76021899099857
2509.0,-459.69668627022736
2510.0,-459.63316563090007
2511.0,-459.56965707058185
2512.0,-459.50616058684034
2513.0,-459.4426761772472
2514.0,-459.3792038393757
2515.0,-459.3157435708029
2516.0,-459.25229536910916
2517.0,-459.18885923188935
2518.0,-459.12543515672724
2519.0,-459.06202314121117
2520.0,-458.99862318293435
2521.0,-458.94262283066087
2522.0,-458.8866338990781
2523.0,-458.8306569709635
2524.0,-458.7746920714172
2525.0,-458.71873921362186
2526.0,-458.6627983869133
2527.0,-458.60686959981416
2528.0,-458.55095284825376
2529.0,-458.4950481297649
2530.0,-458.439155445109
2531.0,-458.38327478920684
2532.0,-458.3274061639453
2533.0,-458.2715495638742
2534.0,-458.2157049886739
2535.0,-458.15987243656076
2536.0,-458.10405190260815
2537.0,-458.0482433856456
2538.0,-457.9924468834706
2539.0,-457.93666239399306
2540.0,-457.8808899148494
2541.0,-457.8251294430758
2542.0,-457.76938097628846
2543.0,-457.7136445122675
2544.0,-457.65792004864596
2545.0,-457.6022075830874
2546.0,-457.54650711325
2547.0,-457.4908186367568
2548.0,-457.4351421512488
2549.0,-457.3794776544246
2550.0,-457.3238251440684
2551.0,-457.26818461776713
2552.0,-457.21255607318733
2553.0,-457.1569395080146
2554.0,-457.10133492010334
2555.0,-457.0457423070516
2556.0,-456.9901616665526
2557.0,-456.9345929962983
2558.0,-456.8790362940361
2559.0,-456.82349155744805
2560.0,-456.76795878423013
2561.0,-456.71243797208217
2562.0,-456.6569291187656
2563.0,-456.60143222199997
2564.0,-456.54594727947693
2565.0,-456.49047428890896
2566.0,-456.4350132480483
2567.0,-456.37956415465914
2568.0,-456.3241270064333
2569.0,-456.268701801096
2570.0,-456.21328853638556
2571.0,-456.157887210079
2572.0,-456.10249781988136
2573.0,-456.04712036352663
2574.0,-455.99175483874967
2575.0,-455.93640124336594
2576.0,-455.88105957507923
2577.0,-455.82572983163317
2578.0,-455.77041201077105
2579.0,-455.7151061103286
2580.0,-455.65981212804843
2581.0,-455.604530061675
2582.0,-455.54925990896965
2583.0,-455.49400166769306
2584.0,-455.4387553356066
2585.0,-455.38352091051036
2586.0,-455.3282983902377
2587.0,-455.273087772517
2588.0,-455.2178890551279
2589.0,-455.1627022358515
2590.0,-455.10752731247084
2591.0,-455.05236428277135
2592.0,-454.99721314458793
2593.0,-454.9420738956927
2594.0,-454.8869465338793
2595.0,-454.83183105694775
2596.0,-454.7767274626993
2597.0,-454.72163574893784
2598.0,-454.66655591347416
2599.0,-454.6114879541205
2600.0,-454.556431868686
2601.0,-454.501387654986
2602.0,-454.44635531083713
2603.0,-454.3913348340598
2604.0,-454.33632622247654
2605.0,-454.2813294739314
2606.0,-454.2263445862428
2607.0,-454.1713715572432
2608.0,-454.1164103847675
2609.0,-454.0614610666534
2610.0,-454.00652360074145
2611.0,-453.9515979848541
2612.0,-453.8966842168276
2613.0,-453.84178229451635
2614.0,-453.78689221576656
2615.0,-453.7320139784265
2616.0,-453.67714758034685
2617.0,-453.6222930193807
2618.0,-453.56745029338435
2619.0,-453.512619400215
2620.0,-453.4578003377322
2621.0,-453.4029931037984
2622.0,-453.34819769627796
2623.0,-453.29341411303756
2624.0,-453.2386423519452
2625.0,-453.1838824108716
2626.0,-453.1291342876912
2627.0,-453.07439798027946
2628.0,-453.0196734865141
2629.0,-452.9649608042753
2630.0,-452.91025993144865
2631.0,-452.8555708659277
2632.0,-452.80089360559515
2633.0,-452.7462281483422
2634.0,-452.6915744920619
2635.0,-452.63693263465046
2636.0,-452.5823025740057
2637.0,-452.527684308007
2638.0,-452.47307783456097
2639.0,-452.4184831515747
2640.0,-452.3639002569536
2641.0,-452.29259179725625
2642.0,-452.22129450449927
2643.0,-452.15000894854103
2644.0,-452.07873515397614
2645.0,-452.00747313400336
2646.0,-451.9362228782361
2647.0,-451.8649843955664
2648.0,-451.7937576818791
2649.0,-451.7225427354766
2650.0,-451.651339556851
2651.0,-451.58014814176425
2652.0,-451.50896849179145
2653.0,-451.4378006022626
2654.0,-451.3666444729041
2655.0,-451.295500102158
2656.0,-451.2243674856331
2657.0,-451.1532466223349
2658.0,-451.08213751036317
2659.0,-451.0110401479345
2660.0,-450.9399545329778
2661.0,-450.8688806628627
2662.0,-450.7978185355098
2663.0,-450.7267681489945
2664.0,-450.6557295012524
2665.0,-450.5847025902215
2666.0,-450.51368741383914
2667.0,-450.44268397004066
2668.0,-450.3716922567627
2669.0,-450.30071227198385
2670.0,-450.2297440137446
2671.0,-450.1587874799412
2672.0,-450.08784266852996
2673.0,-450.0169095774803
2674.0,-449.9459882048988
2675.0,-449.87507854868505
2676.0,-449.80418060681563
2677.0,-449.73329437726653
2678.0,-449.6624198580705
2679.0,-449.59155704719245
2680.0,-449.52070594261215
2681.0,-449.44986654231343
2682.0,-449.37903884430847
2683.0,-449.3082228465901
2684.0,-449.2374185471389
2685.0,-449.1666259439439
2686.0,-449.0958450350226
2687.0,-449.0250758184003
2688.0,-448.95431829205233
2689.0,-448.8835724539776
2690.0,-448.81283830218297
2691.0,-448.7421158347033
2692.0,-448.67140504952295
2693.0,-448.6007059446465
2694.0,-448.5300185180794
2695.0,-448.45934276790865
2696.0,-448.38867869210856
2697.0,-448.3180262886934
2698.0,-448.2473855556774
2699.0,-448.17675649112584
2700.0,-448.1061390930522
2701.0,-448.03553335947186
2702.0,-447.9649392884089
2703.0,-447.89435687788693
2704.0,-447.82378612593004
2705.0,-447.7532270305954
2706.0,-447.6826795899659
2707.0,-447.6121438020385
2708.0,-447.54161966485185
2709.0,-447.4711071764461
2710.0,-447.4006063348631
2711.0,-447.3301171381454
2712.0,-447.2596395843522
2713.0,-447.18917367152454
2714.0,-447.11871939770987
2715.0,-447.0482767609591
2716.0,-446.97784575932417
2717.0,-446.9074263908589
2718.0,-446.83701865363355
2719.0,-446.76662254571943
2720.0,-446.6962380651666
2721.0,-446.62586521004005
2722.0,-446.5555039784063
2723.0,-446.4851543683336
2724.0,-446.4148163778925
2725.0,-446.3444900051563
2726.0,-446.2741752481988
2727.0,-446.2038721050966
2728.0,-446.1335805739278
2729.0,-446.06330065277274
2730.0,-445.9930323397138
2731.0,-445.9227756328171
2732.0,-445.85253053016186
2733.0,-445.7822970298402
2734.0,-445.71207512993817
2735.0,-445.6418648285429
2736.0,-445.57166612374374
2737.0,-445.5014790136306
2738.0,-445.43130349629723
2739.0,-445.3611395698362
2740.0,-445.29098723234335
2741.0,-445.2208464819157
2742.0,-445.1507173166512
2743.0,-445.0805997346505
2744.0,-445.0104937340223
2745.0,-444.9403993128712
2746.0,-444.8703164693005
2747.0,-444.80024520141905
2748.0,-444.73018550733605
2749.0,-444.66013738516324
2750.0,-444.5901008330116
2751.0,-444.52007584898826
2752.0,-444.4500624312136
2753.0,-444.38006057780456
2754.0,-444.3100702868796
2755.0,-444.24009155655926
2756.0,-444.1701243849651
2757.0,-444.1001687702155
2758.0,-444.03022471043596
2759.0,-443.960292203754
2760.0,-443.8903712482968
2761.0,-443.82244398805534
2762.0,-443.75452767095356
2763.0,-443.68662285523584
2764.0,-443.6187295650544
2765.0,-443.5508478136772
2766.0,-443.4829775908642
2767.0,-443.4151189055819
2768.0,-443.34727175377486
2769.0,-443.279436134359
2770.0,-443.21161204760796
2771.0,-443.1437994899086
2772.0,-443.0759984626031
2773.0,-443.0082089615164
2774.0,-442.94043098640276
2775.0,-442.8726645358679
2776.0,-442.8049096059704
2777.0,-442.73716619582206
2778.0,-442.6694343037246
2779.0,-442.60171392808803
2780.0,-442.53400506705674
2781.0,-442.4663077182588
2782.0,-442.39862187983135
2783.0,-442.3309475500533
2784.0,-442.2632847270754
2785.0,-442.19563340903596
2786.0,-442.12799359407416
2787.0,-442.060365280346
2788.0,-441.99274846599894
2789.0,-441.9251431492129
2790.0,-441.85754932821607
2791.0,-441.7899670011253
2792.0,-441.722396166103
2793.0,-441.6548368213218
2794.0,-441.5872889650521
2795.0,-441.5197525954166
2796.0,-441.4522277105926
2797.0,-441.38471430875666
2798.0,-441.317212388147
2799.0,-441.2497219469282
2800.0,-441.1822429832813
2801.0,-441.1147754953919
2802.0,-441.04731948146036
2803.0,-440.979874939677
2804.0,-440.9124418682253
2805.0,-440.8450202652939
2806.0,-440.7776101290816
2807.0,-440.7102114577902
2808.0,-440.6428242496026
2809.0,-440.57544850271074
2810.0,-440.50808421531946
2811.0,-440.4407313856712
2812.0,-440.3733900119384
2813.0,-440.30606009232133
2814.0,-440.23874162501994
2815.0,-440.17143460825724
2816.0,-440.1041390402251
2817.0,-440.0368549191259
2818.0,-439.96958224316256
2819.0,-439.90232101059576
2820.0,-439.8350712196268
2821.0,-439.76783286846023
2822.0,-439.70060595530896
2823.0,-439.63339047838645
2824.0,-439.56618643590696
2825.0,-439.49899382610016
2826.0,-439.43181264720846
2827.0,-439.3646428974331
2828.0,-439.2974845749958
2829.0,-439.23033767811893
2830.0,-439.16320220502536
2831.0,-439.0960781539392
2832.0,-439.0289655231073
2833.0,-438.961864310748
2834.0,-438.8947745150893
2835.0,-438.82769613436153
2836.0,-438.7606291667967
2837.0,-438.6935736106274
2838.0,-438.6265294640976
2839.0,-438.5594967254527
2840.0,-438.4924753929228
2841.0,-438.4254654647489
2842.0,-438.35846693917205
2843.0,-438.2914798144358
2844.0,-438.2245040887844
2845.0,-438.15753976046307
2846.0,-438.0905868277187
2847.0,-438.02364528880025
2848.0,-437.9567151419576
2849.0,-437.88979638544146
2850.0,-437.82288901750434
2851.0,-437.75599303639063
2852.0,-437.6891084403503
2853.0,-437.62223522764293
2854.0,-437.55537339652403
2855.0,-437.48852294525005
2856.0,-437.42168387207863
2857.0,-437.35485617526786
2858.0,-437.2880398530723
2859.0,-437.2212349037554
2860.0,-437.1544413255783
2861.0,-437.0876591168038
2862.0,-437.0208882756956
2863.0,-436.9541288005179
2864.0,-436.88738068954774
2865.0,-436.8206439410528
2866.0,-436.75391855329985
2867.0,-436.68720452455983
2868.0,-436.6205018531053
2869.0,-436.55381053720953
2870.0,-436.48713057514493
2871.0,-436.4204619651764
2872.0,-436.35380470558675
2873.0,-436.2871587946524
2874.0,-436.2205242306514
2875.0,-436.1539010118631
2876.0,-436.08728913656694
2877.0,-436.0206886030462
2878.0,-435.9540994095827
2879.0,-435.8875215544595
2880.0,-435.8209550359616
2881.0,-435.7793505615466
2882.0,-435.7377568273405
2883.0,-435.6961743813204
2884.0,-435.6546032471896
2885.0,-435.6130434382146
2886.0,-435.57149494430405
2887.0,-435.52995777443897
2888.0,-435.48843192461885
2889.0,-435.4469173941588
2890.0,-435.4054141831909
2891.0,-435.36392228850855
2892.0,-435.322441711303
2893.0,-435.28097244774165
2894.0,-435.23951449759954
2895.0,-435.19806785960293
2896.0,-435.156632530174
2897.0,-435.1152085084952
2898.0,-435.0737957929942
2899.0,-435.03239438218293
2900.0,-434.9910042743674
2901.0,-434.9496254673674
2902.0,-434.90825795946824
2903.0,-434.8669017490853
2904.0,-434.8255568345178
2905.0,-434.7842232140511
2906.0,-434.7429008859743
2907.0,-434.70158984858944
2908.0,-434.66029010019207
2909.0,-434.61900163909826
2910.0,-434.5777244636553
2911.0,-434.5364585721384
2912.0,-434.49520396285277
2913.0,-434.4539606341145
2914.0,-434.41272858435264
2915.0,-434.37150781182606
2916.0,-434.3302983148563
2917.0,-434.28910009176536
2918.0,-434.24791314087963
2919.0,-434.2067374605204
2920.0,-434.16557304900937
2921.0,-434.12441990466874
2922.0,-434.0832780258476
2923.0,-434.04214741087634
2924.0,-434.00102805807376
2925.0,-433.9599199657674
2926.0,-433.91882313229354
2927.0,-433.87773755599125
2928.0,-433.83666323518315
2929.0,-433.7956001682001
2930.0,-433.75454835337547
2931.0,-433.71350778905105
2932.0,-433.672478473553
2933.0,-433.6314604052131
2934.0,-433.5904535823653
2935.0,-433.54945800339175
2936.0,-433.50847366660633
2937.0,-433.46750057034774
2938.0,-433.4265387129543
2939.0,-433.3855880927807
2940.0,-433.34464870816527
2941.0,-433.30372055744664
2942.0,-433.2628036389663
2943.0,-433.2218979510659
2944.0,-433.18100349208726
2945.0,-433.14012026039086
2946.0,-433.09924825435496
2947.0,-433.05838747230416
2948.0,-433.01753791258835
2949.0,-432.97669957355856
2950.0,-432.9358724535665
2951.0,-432.89505655096525
2952.0,-432.85425186410635
2953.0,-432.81345839134474
2954.0,-432.77267613103464
2955.0,-432.73190508153203
2956.0,-432.6911452411923
2957.0,-432.65039660837283
2958.0,-432.6096591814394
2959.0,-432.5689329587584
2960.0,-432.52821793868475
2961.0,-432.48751411958114
2962.0,-432.44682149981054
2963.0,-432.4061400777379
2964.0,-432.36546985172765
2965.0,-432.3248108201304
2966.0,-432.28416298132055
2967.0,-432.24352633366465
2968.0,-432.20290087552917
2969.0,-432.1622866052822
2970.0,-432.1216835212919
2971.0,-432.0810916219355
2972.0,-432.04051090558687
2973.0,-431.9999413706141
2974.0,-431.9593830153913
2975.0,-431.91883583829264
2976.0,-431.87829983769376
2977.0,-431.83777501196806
2978.0,-431.7972613594733
2979.0,-431.7567588785966
2980.0,-431.71626756771406
2981.0,-431.67578742520294
2982.0,-431.6353184494404
2983.0,-431.594860638805
2984.0,-431.5544139916805
2985.0,-431.51397850644724
2986.0,-431.4735541814848
2987.0,-431.43314101517524
2988.0,-431.392739005901
2989.0,-431.35234815204586
2990.0,-431.31196845199486
2991.0,-431.2715999041357
2992.0,-431.2312425068534
2993.0,-431.1908962585344
2994.0,-431.15056115756715
2995.0,-431.1102372023399
2996.0,-431.06992439124286
2997.0,-431.0296227226616
2998.0,-430.9893321949887
2999.0,-430.9490528066162
3000.0,-430.90878455593634
3001.0,-430.8272015015156
3002.0,-430.74562899929106
3003.0,-430.6640675874345
3004.0,-430.58251728920635
3005.0,-430.5009781178925
3006.0,-430.41945006352256
3007.0,-430.33793313504407
3008.0,-430.2564273285079
3009.0,-430.17493264347314
3010.0,-430.0934490799849
3011.0,-430.0119766350695
3012.0,-429.930515309832
3013.0,-429.8490651007162
3014.0,-429.7676260075135
3015.0,-429.6861980290353
3016.0,-429.6047811619215
3017.0,-429.5233754054157
3018.0,-429.4419807580268
3019.0,-429.3605972183274
3020.0,-429.2792247847337
3021.0,-429.1978634552007
3022.0,-429.11651322811184
3023.0,-429.03517410197287
3024.0,-428.9538460751806
3025.0,-428.8725291461239
3026.0,-428.7912233131921
3027.0,-428.7099285747855
3028.0,-428.62864492929845
3029.0,-428.54737237514854
3030.0,-428.4661109107884
3031.0,-428.38486053459053
3032.0,-428.30362124496014
3033.0,-428.2223930403102
3034.0,-428.1411759191244
3035.0,-428.05996987977966
3036.0,-427.9787749206911
3037.0,-427.89759104027485
3038.0,-427.816418236974
3039.0,-427.7352565091983
3040.0,-427.65410585536574
3041.0,-427.572966273896
3042.0,-427.4918377632072
3043.0,-427.4107203217186
3044.0,-427.3296139478498
3045.0,-427.24851864002073
3046.0,-427.16743439666465
3047.0,-427.08636121621896
3048.0,-427.00529909709627
3049.0,-426.9242480377202
3050.0,-426.8432080365151
3051.0,-426.76217909190694
3052.0,-426.68116120231883
3053.0,-426.6001543661749
3054.0,-426.51915858189955
3055.0,-426.4381738479261
3056.0,-426.35720016267567
3057.0,-426.2762375245735
3058.0,-426.1952859320446
3059.0,-426.11434538355485
3060.0,-426.0334158775292
3061.0,-425.9524974123936
3062.0,-425.8715899865807
3063.0,-425.7906935985237
3064.0,-425.7098082466552
3065.0,-425.62893392940936
3066.0,-425.54807064521947
3067.0,-425.4672183925197
3068.0,-425.3863771697437
3069.0,-425.30554697532546
3070.0,-425.2247278076999
3071.0,-425.14391966530104
3072.0,-425.0631225465867
3073.0,-424.98233644998413
3074.0,-424.9015613739305
3075.0,-424.82079731686406
3076.0,-424.74004427722446
3077.0,-424.6593022534516
3078.0,-424.57857124399163
3079.0,-424.49785124729146
3080.0,-424.417142261789
3081.0,-424.33644428592817
3082.0,-424.2557573181529
3083.0,-424.1750813569085
3084.0,-424.0944164006404
3085.0,-424.0137624477914
3086.0,-423.93311949681015
3087.0,-423.8524875461438
3088.0,-423.77186659423984
3089.0,-423.6912566395467
3090.0,-423.61065768051327
3091.0,-423.5300697155866
3092.0,-423.44949274321596
3093.0,-423.36892676185266
3094.0,-423.2883717699475
3095.0,-423.20782776595155
3096.0,-423.1272947483169
3097.0,-423.04677271549446
3098.0,-422.96626166592597
3099.0,-422.8857615980701
3100.0,-422.8052725103791
3101.0,-422.7247944013059
3102.0,-422.6443272693037
3103.0,-422.56387111282606
3104.0,-422.4834259303372
3105.0,-422.4029917202927
3106.0,-422.32256848114605
3107.0,-422.24215621135465
3108.0,-422.16175490937644
3109.0,-422.0813645736701
3110.0,-422.0009852026926
3111.0,-421.9206167948983
3112.0,-421.84025934875024
3113.0,-421.75991286270784
3114.0,-421.67957733523207
3115.0,-421.5992527647831
3116.0,-421.5189391498226
3117.0,-421.438636488808
3118.0,-421.35834478020263
3119.0,-421.27806402246927
3120.0,-421.19779421407094
3121.0,-421.15123383798084
3122.0,-421.10468383591405
3123.0,-421.05814473689395
3124.0,-421.01161656378065
3125.0,-420.9650993296271
3126.0,-420.91859302465355
3127.0,-420.87209765770666
3128.0,-420.8256132249041
3129.0,-420.7791397259619
3130.0,-420.7326771608696
3131.0,-420.6862255268136
3132.0,-420.6397848248391
3133.0,-420.59335505156105
3134.0,-420.5469362067806
3135.0,-420.5005282893606
3136.0,-420.45413129607175
3137.0,-420.4077452261951
3138.0,-420.361370078297
3139.0,-420.31500585100065
3140.0,-420.2686525427887
3141.0,-420.2223101517207
3142.0,-420.17597867624914
3143.0,-420.12965811493757
3144.0,-420.0833484662502
3145.0,-420.03704972863795
3146.0,-419.9907619005547
3147.0,-419.9444849804688
3148.0,-419.8982189668409
3149.0,-419.85196385814595
3150.0,-419.8057196528797
3151.0,-419.75948634948975
3152.0,-419.7132639464431
3153.0,-419.6670524422167
3154.0,-419.62085183538403
3155.0,-419.57466212437316
3156.0,-419.52848330766517
3157.0,-419.48231538374233
3158.0,-419.43615835107454
3159.0,-419.3900122081459
3160.0,-419.34387695343696
3161.0,-419.29775258542844
3162.0,-419.2516391026045
3163.0,-419.2055365034467
3164.0,-419.15944478643445
3165.0,-419.11336395004855
3166.0,-419.0672939927764
3167.0,-419.02123491310846
3168.0,-418.97518670952144
3169.0,-418.9291493804986
3170.0,-418.88312292452434
3171.0,-418.83710734008764
3172.0,-418.79110262566934
3173.0,-418.74510877975274
3174.0,-418.69912580082286
3175.0,-418.65315368736543
3176.0,-418.6071924378636
3177.0,-418.56124205080164
3178.0,-418.5153025246644
3179.0,-418.4693738579545
3180.0,-418.4234560491564
3181.0,-418.37754909675454
3182.0,-418.3316529992365
3183.0,-418.2857677550906
3184.0,-418.2398933628044
3185.0,-418.1940298208735
3186.0,-418.14817712780007
3187.0,-418.10233528206567
3188.0,-418.0565042821614
3189.0,-418.0106841265794
3190.0,-417.9648748138121
3191.0,-417.91907634235156
3192.0,-417.87328871068405
3193.0,-417.827511917305
3194.0,-417.7817459607074
3195.0,-417.7359908393841
3196.0,-417.6902465518285
3197.0,-417.6445130965337
3198.0,-417.5987904719923
3199.0,-417.5530786766974
3200.0,-417.50737770914316
3201.0,-417.46168756782447
3202.0,-417.41600825123476
3203.0,-417.37033975786926
3204.0,-417.32468208622305
3205.0,-417.27903523482144
3206.0,-417.23339920214596
3207.0,-417.1877739866961
3208.0,-417.1421595869719
3209.0,-417.0965560014739
3210.0,-417.05096322870304
3211.0,-417.0053812671427
3212.0,-416.9598101152858
3213.0,-416.9142497716414
3214.0,-416.86870023470783
3215.0,-416.823161502984
3216.0,-416.7776335749693
3217.0,-416.7321164491649
3218.0,-416.6866101240877
3219.0,-416.6411145982291
3220.0,-416.595629870092
3221.0,-416.5501559381787
3222.0,-416.5046928009927
3223.0,-416.4592404570379
3224.0,-416.4137989048086
3225.0,-416.3683681428082
3226.0,-416.32294816954305
3227.0,-416.27753898351637
3228.0,-416.2321405832316
3229.0,-416.18675296719266
3230.0,-416.1413761339046
3231.0,-416.09601008187394
3232.0,-416.05065480960434
3233.0,-416.00531031560104
3234.0,-415.9599765983697
3235.0,-415.91465365641574
3236.0,-415.8693414882457
3237.0,-415.8240400923658
3238.0,-415.7787494672827
3239.0,-415.73346961150344
3240.0,-415.6882005235353
3241.0,-415.6370739625676
3242.0,-415.58595760405433
3243.0,-415.5348519679363
3244.0,-415.48375707663564
3245.0,-415.4326729430173
3246.0,-415.3815995574776
3247.0,-415.3305369287551
3248.0,-415.27948505302794
3249.0,-415.2284439300993
3250.0,-415.1774135599266
3251.0,-415.1263939397682
3252.0,-415.0753850706426
3253.0,-415.024386949262
3254.0,-414.9733995754337
3255.0,-414.9224229480531
3256.0,-414.87145706398604
3257.0,-414.8205019225346
3258.0,-414.7695575222994
3259.0,-414.7186238619332
3260.0,-414.6677009399629
3261.0,-414.6167887544991
3262.0,-414.56588730403575
3263.0,-414.514996587174
3264.0,-414.4641166024181
3265.0,-414.413247348269
3266.0,-414.36238882322823
3267.0,-414.3115410258016
3268.0,-414.26070395449227
3269.0,-414.2098776078143
3270.0,-414.1590619842958
3271.0,-414.108257082431
3272.0,-414.057462900728
3273.0,-414.0066794377014
3274.0,-413.9559066919271
3275.0,-413.9051446618884
3276.0,-413.8543933461024
3277.0,-413.80365274308684
3278.0,-413.75292285136334
3279.0,-413.7022036694484
3280.0,-413.6514951958599
3281.0,-413.6007974291155
3282.0,-413.5501103677379
3283.0,-413.49943401024615
3284.0,-413.4487683551578
3285.0,-413.3981134009919
3286.0,-413.34746914626834
3287.0,-413.29683558950825
3288.0,-413.24621272922934
3289.0,-413.1956005639509
3290.0,-413.14499909219427
3291.0,-413.09440831248446
3292.0,-413.0438282233386
3293.0,-412.9932588232773
3294.0,-412.9427001108205
3295.0,-412.89215208448695
3296.0,-412.84161474279756
3297.0,-412.79108808427236
3298.0,-412.74057210743166
3299.0,-412.69006681079657
3300.0,-412.63957219288704
3301.0,-412.5890882522234
3302.0,-412.53861498732573
3303.0,-412.4881523967148
3304.0,-412.4377004789104
3305.0,-412.3872592324479
3306.0,-412.3368286558751
3307.0,-412.2864087476993
3308.0,-412.23599950644694
3309.0,-412.18560093064525
3310.0,-412.1352130188222
3311.0,-412.08483576950584
3312.0,-412.0344691811804
3313.0,-411.9841132523904
3314.0,-411.9337679816623
3315.0,-411.88343336751956
3316.0,-411.83310940848577
3317.0,-411.7827961030842
3318.0,-411.73249344984345
3319.0,-411.68220144729105
3320.0,-411.63192009394845
3321.0,-411.58164938834034
3322.0,-411.53138932899134
3323.0,-411.4811399144267
3324.0,-411.43090114317255
3325.0,-411.38067301378146
3326.0,-411.33045552476676
3327.0,-411.2802486746572
3328.0,-411.2300524619822
3329.0,-411.1798668852718
3330.0,-411.12969194305657
3331.0,-411.0795276338554
3332.0,-411.02937395619404
3333.0,-410.9792309086075
3334.0,-410.92909848962483
3335.0,-410.87897669777556
3336.0,-410.8288655315888
3337.0,-410.77876498959375
3338.0,-410.7286750703152
3339.0,-410.67859577228523
3340.0,-410.62852709403336
3341.0,-410.5784690340888
3342.0,-410.5284215909817
3343.0,-410.47838476324125
3344.0,-410.42835854939716
3345.0,-410.37834294797943
3346.0,-410.3283379575182
3347.0,-410.27834357654325
3348.0,-410.2283598035851
3349.0,-410.1783866371738
3350.0,-410.1284240758424
3351.0,-410.0784721181298
3352.0,-410.0285307625627
3353.0,-409.97860000767315
3354.0,-409.9286798519941
3355.0,-409.8787702940579
3356.0,-409.8288713323974
3357.0,-409.77898296553485
3358.0,-409.7291051920056
3359.0,-409.6792380103443
3360.0,-409.62938141908324
3361.0,-409.55132958182804
3362.0,-409.4732877789482
3363.0,-409.3952565218964
3364.0,-409.317235832592
3365.0,-409.2392257238355
3366.0,-409.1612261861105
3367.0,-409.0832372279087
3368.0,-409.00525884552
3369.0,-408.9272910387791
3370.0,-408.8493338076311
3371.0,-408.77138714933966
3372.0,-408.6934510649211
3373.0,-408.61552555116
3374.0,-408.5376106078672
3375.0,-408.459706233963
3376.0,-408.3818124263803
3377.0,-408.30392918443636
3378.0,-408.22605650673387
3379.0,-408.1481943919062
3380.0,-408.07034283851175
3381.0,-407.99250184473226
3382.0,-407.91467140908435
3383.0,-407.8368515301779
3384.0,-407.7590422065386
3385.0,-407.6812434366848
3386.0,-407.60345521913564
3387.0,-407.5256775524198
3388.0,-407.44791043506075
3389.0,-407.3701538655924
3390.0,-407.29240784256336
3391.0,-407.21467236448797
3392.0,-407.1369474298945
3393.0,-407.0592330373198
3394.0,-406.9815291853807
3395.0,-406.9038358725728
3396.0,-406.8261530974364
3397.0,-406.74848085851204
3398.0,-406.67081915433585
3399.0,-406.593167983449
3400.0,-406.5155273443917
3401.0,-406.437897235704
3402.0,-406.3602776559059
3403.0,-406.2826686035311
3404.0,-406.20507007712223
3405.0,-406.1274820752149
3406.0,-406.049904596359
3407.0,-405.97233763910845
3408.0,-405.8947812019922
3409.0,-405.8172352835505
3410.0,-405.7396998823196
3411.0,-405.6621749968264
3412.0,-405.5846606256164
3413.0,-405.50715676722746
3414.0,-405.42966342019815
3415.0,-405.3521805830795
3416.0,-405.27470825440486
3417.0,-405.1972464327137
3418.0,-405.11979511654613
3419.0,-405.0423543044364
3420.0,-404.9649239949244
3421.0,-404.8875041865498
3422.0,-404.8100948778513
3423.0,-404.73269606736767
3424.0,-404.65530775363754
3425.0,-404.5779299352085
3426.0,-404.5005626106345
3427.0,-404.42320577844725
3428.0,-404.34585943718866
3429.0,-404.2685235854016
3430.0,-404.1911982216285
3431.0,-404.1138833444126
3432.0,-404.03657895226615
3433.0,-403.95928504374336
3434.0,-403.8820016173853
3435.0,-403.80472867173205
3436.0,-403.72746620532297
3437.0,-403.65021421669695
3438.0,-403.57297270440574
3439.0,-403.49574166700137
3440.0,-403.4185211030155
3441.0,-403.3413110109913
3442.0,-403.2641113894718
3443.0,-403.1869222369999
3444.0,-403.10974355211914
3445.0,-403.03257533335716
3446.0,-402.9554175792651
3447.0,-402.878270288385
3448.0,-402.80113345925895
3449.0,-402.72400709042887
3450.0,-402.64689118043776
3451.0,-402.5697857278239
3452.0,-402.4926907311285
3453.0,-402.41560618889457
3454.0,-402.33853209966384
3455.0,-402.2614684619779
3456.0,-402.1844152743784
3457.0,-402.10737253540873
3458.0,-402.0303402436295
3459.0,-401.95331839757307
3460.0,-401.8763069957841
3461.0,-401.7993060368067
3462.0,-401.7223155191858
3463.0,-401.64533544146616
3464.0,-401.56836580218237
3465.0,-401.4914065998785
3466.0,-401.41445783310155
3467.0,-401.33751950039505
3468.0,-401.2605916003027
3469.0,-401.18367413136804
3470.0,-401.1067670921325
3471.0,-401.02987048113124
3472.0,-400.952984296912
3473.0,-400.8761085380172
3474.0,-400.79924320298875
3475.0,-400.72238829036894
3476.0,-400.64554379869975
3477.0,-400.5687097265451
3478.0,-400.4918860724426
3479.0,-400.4150728349326
3480.0,-400.3382700125594
3481.0,-400.28829402796094
3482.0,-400.2383279119403
3483.0,-400.18837216717
3484.0,-400.13842681518895
3485.0,-400.0884918685338
3486.0,-400.0385673178597
3487.0,-399.98865317146743
3488.0,-399.93874942573683
3489.0,-399.8888560805439
3490.0,-399.83897313581707
3491.0,-399.78910058881803
3492.0,-399.7392384405641
3493.0,-399.6893866878041
3494.0,-399.63954533034706
3495.0,-399.58971436712517
3496.0,-399.539893795179
3497.0,-399.4900836138114
3498.0,-399.4402838216295
3499.0,-399.390494417259
3500.0,-399.340715399281
3501.0,-399.2909467658511
3502.0,-399.2411885154906
3503.0,-399.1914406468237
3504.0,-399.14170315838237
3505.0,-399.0919760487053
3506.0,-399.04225931633
3507.0,-398.99255295978605
3508.0,-398.9428569776073
3509.0,-398.8931713683359
3510.0,-398.8434961305278
3511.0,-398.7938312627083
3512.0,-398.7441767634148
3513.0,-398.69453263119277
3514.0,-398.64489886466276
3515.0,-398.5952754623316
3516.0,-398.5456624227482
3517.0,-398.49605974446195
3518.0,-398.44646742600935
3519.0,-398.396885465942
3520.0,-398.3473138628083
3521.0,-398.2977526151547
3522.0,-398.2482017215068
3523.0,-398.198661180405
3524.0,-398.1491309903989
3525.0,-398.09961115003216
3526.0,-398.05010165786786
3527.0,-398.0006025124747
3528.0,-397.9511137123855
3529.0,-397.90163525614946
3530.0,-397.85216714230586
3531.0,-397.8027093693645
3532.0,-397.75326193588955
3533.0,-397.70382484042386
3534.0,-397.6543980815107
3535.0,-397.6049816577146
3536.0,-397.5555755675703
3537.0,-397.50617980962363
3538.0,-397.4567943824201
3539.0,-397.4074192845005
3540.0,-397.35805451441024
3541.0,-397.308700070695
3542.0,-397.2593559518994
3543.0,-397.210022156568
3544.0,-397.1606986832454
3545.0,-397.11138553048187
3546.0,-397.0620826968312
3547.0,-397.0127901808337
3548.0,-396.9635079810359
3549.0,-396.9142360959848
3550.0,-396.86497452422776
3551.0,-396.8157232643116
3552.0,-396.7664823147599
3553.0,-396.7172516741287
3554.0,-396.66803134096324
3555.0,-396.61882131380844
3556.0,-396.569621591208
3557.0,-396.5204321717061
3558.0,-396.4712530538503
3559.0,-396.4220842361885
3560.0,-396.3729257172615
3561.0,-396.32377749561465
3562.0,-396.27463956979216
3563.0,-396.22551193833885
3564.0,-396.17639459979944
3565.0,-396.1272875527313
3566.0,-396.07819079567287
3567.0,-396.0291043271709
3568.0,-395.9800281457713
3569.0,-395.93096225002023
3570.0,-395.88190663846467
3571.0,-395.83286130964035
3572.0,-395.7838262620895
3573.0,-395.73480149436176
3574.0,-395.6857870050016
3575.0,-395.6367827925532
3576.0,-395.5877888555607
3577.0,-395.5388051925687
3578.0,-395.4898318021249
3579.0,-395.4408686827715
3580.0,-395.3919158330527
3581.0,-395.3429732515126
3582.0,-395.29404093669575
3583.0,-395.2451188871459
3584.0,-395.19620710141186
3585.0,-395.147305578038
3586.0,-395.09841431556777
3587.0,-395.0495333125458
3588.0,-395.0006625675174
3589.0,-394.95180207902706
3590.0,-394.90295184561563
3591.0,-394.8541118658127
3592.0,-394.80528213817024
3593.0,-394.75646266123084
3594.0,-394.7076534335362
3595.0,-394.65885445362824
3596.0,-394.61006572004857
3597.0,-394.56128723136527
3598.0,-394.5125189861147
3599.0,-394.4637609828354
3600.0,-394.41501322007207
