helics_simulation_time,powerOutput.real
1.0,9.999999999999998e+48
2.0,16.366718980899183
3.0,16.362049161457467
4.0,16.357379342015747
5.0,16.352709522574035
6.0,16.348039703132315
7.0,16.3433698836906
8.0,16.338700064248883
9.0,16.334030244807167
10.0,16.32936042536545
11.0,16.32469060592373
12.0,16.320020786482015
13.0,16.3153509670403
14.0,16.310681147598583
15.0,16.306011328156867
16.0,16.301341508715147
17.0,16.29667168927343
18.0,16.292001869831715
19.0,16.28733205039
20.0,16.28266223094828
21.0,16.277992411506567
22.0,16.27332259206485
23.0,16.26865277262313
24.0,16.263982953181415
25.0,16.259313133739703
26.0,16.254643314297983
27.0,16.249973494856267
28.0,16.245303675414547
29.0,16.24063385597283
30.0,16.235964036531115
31.0,16.2312942170894
32.0,16.226624397647683
33.0,16.221954578205967
34.0,16.217284758764254
35.0,16.21261493932253
36.0,16.207945119880815
37.0,16.2032753004391
38.0,16.198605480997383
39.0,16.193935661555667
40.0,16.189265842113947
41.0,16.18459602267223
42.0,16.179926203230515
43.0,16.1752563837888
44.0,16.170586564347083
45.0,16.165916744905367
46.0,16.16124692546365
47.0,16.15657710602193
48.0,16.151907286580215
49.0,16.1472374671385
50.0,16.142567647696783
51.0,16.137897828255067
52.0,16.133228008813347
53.0,16.128558189371628
54.0,16.123888369929915
55.0,16.119218550488196
56.0,16.114548731046483
57.0,16.109878911604767
58.0,16.10520909216305
59.0,16.10053927272133
60.0,16.095869453279615
61.0,16.0911996338379
62.0,16.086529814396183
63.0,16.081859994954467
64.0,16.077190175512747
65.0,16.07252035607103
66.0,16.067850536629315
67.0,16.0631807171876
68.0,16.058510897745883
69.0,16.053841078304167
70.0,16.04917125886245
71.0,16.04450143942073
72.0,16.039831619979015
73.0,16.035161800537296
74.0,16.030491981095583
75.0,16.025822161653867
76.0,16.021152342212147
77.0,16.01648252277043
78.0,16.01181270332872
79.0,16.007142883887
80.0,16.002473064445283
81.0,15.997803245003567
82.0,15.99313342556185
83.0,15.988463606120135
84.0,15.983793786678417
85.0,15.9791239672367
86.0,15.974454147794983
87.0,15.969784328353265
88.0,15.965114508911547
89.0,15.960444689469833
90.0,15.955774870028115
91.0,15.951105050586397
92.0,15.946435231144683
93.0,15.941765411702965
94.0,15.937095592261247
95.0,15.932425772819533
96.0,15.927755953377815
97.0,15.9230861339361
98.0,15.918416314494381
99.0,15.913746495052667
100.0,15.90907667561095
101.0,15.904406856169235
102.0,15.899737036727517
103.0,15.8950672172858
104.0,15.890397397844085
105.0,15.885727578402363
106.0,15.88105775896065
107.0,15.876387939518935
108.0,15.871718120077213
109.0,15.867048300635497
110.0,15.862378481193783
111.0,15.857708661752065
112.0,15.853038842310347
113.0,15.848369022868633
114.0,15.843699203426915
115.0,15.839029383985201
116.0,15.834359564543483
117.0,15.829689745101765
118.0,15.825019925660051
119.0,15.820350106218333
120.0,15.815680286776615
121.0,15.8110104673349
122.0,15.807412116986693
123.0,15.80381376663849
124.0,15.800215416290284
125.0,15.796617065942081
126.0,15.793018715593872
127.0,15.78942036524567
128.0,15.785822014897462
129.0,15.78222366454926
130.0,15.778625314201054
131.0,15.775026963852849
132.0,15.771428613504643
133.0,15.767830263156439
134.0,15.764231912808233
135.0,15.76063356246003
136.0,15.757035212111822
137.0,15.75343686176362
138.0,15.749838511415412
139.0,15.74624016106721
140.0,15.742641810719004
141.0,15.739043460370802
142.0,15.735445110022592
143.0,15.73184675967439
144.0,15.728248409326183
145.0,15.72465005897798
146.0,15.721051708629775
147.0,15.717453358281569
148.0,15.713855007933365
149.0,15.710256657585159
150.0,15.706658307236957
151.0,15.703059956888751
152.0,15.699461606540542
153.0,15.69586325619234
154.0,15.692264905844135
155.0,15.68866655549593
156.0,15.685068205147724
157.0,15.681469854799518
158.0,15.677871504451314
159.0,15.674273154103108
160.0,15.670674803754906
161.0,15.6670764534067
162.0,15.663478103058495
163.0,15.659879752710287
164.0,15.656281402362085
165.0,15.652683052013879
166.0,15.649084701665677
167.0,15.645486351317468
168.0,15.641888000969264
169.0,15.638289650621058
170.0,15.634691300272856
171.0,15.63109294992465
172.0,15.627494599576444
173.0,15.623896249228238
174.0,15.620297898880034
175.0,15.616699548531829
176.0,15.613101198183626
177.0,15.609502847835417
178.0,15.605904497487215
179.0,15.60230614713901
180.0,15.598707796790805
181.0,15.5951094464426
182.0,15.591511096094393
183.0,15.587912745746188
184.0,15.584314395397984
185.0,15.580716045049781
186.0,15.577117694701576
187.0,15.57351934435337
188.0,15.569920994005164
189.0,15.56632264365696
190.0,15.562724293308754
191.0,15.559125942960549
192.0,15.555527592612346
193.0,15.551929242264137
194.0,15.548330891915935
195.0,15.54473254156773
196.0,15.541134191219525
197.0,15.53753584087132
198.0,15.533937490523114
199.0,15.53033914017491
200.0,15.526740789826704
201.0,15.523142439478502
202.0,15.519544089130292
203.0,15.51594573878209
204.0,15.512347388433884
205.0,15.50874903808568
206.0,15.505150687737475
207.0,15.501552337389269
208.0,15.497953987041063
209.0,15.494355636692859
210.0,15.490757286344657
211.0,15.487158935996451
212.0,15.483560585648242
213.0,15.47996223530004
214.0,15.476363884951834
215.0,15.47276553460363
216.0,15.469167184255424
217.0,15.465568833907222
218.0,15.461970483559012
219.0,15.458372133210807
220.0,15.454773782862606
221.0,15.4511754325144
222.0,15.447577082166195
223.0,15.443978731817989
224.0,15.440380381469783
225.0,15.436782031121579
226.0,15.433183680773377
227.0,15.429585330425171
228.0,15.425986980076962
229.0,15.42238862972876
230.0,15.418790279380554
231.0,15.41519192903235
232.0,15.411593578684144
233.0,15.407995228335942
234.0,15.404396877987732
235.0,15.40079852763953
236.0,15.397200177291326
237.0,15.39360182694312
238.0,15.390003476594915
239.0,15.386405126246709
240.0,15.382806775898503
241.0,15.3792084255503
242.0,15.380081303807339
243.0,15.380954182064382
244.0,15.381827060321424
245.0,15.382699938578464
246.0,15.383572816835505
247.0,15.384445695092545
248.0,15.385318573349586
249.0,15.386191451606626
250.0,15.387064329863666
251.0,15.387937208120707
252.0,15.388810086377747
253.0,15.389682964634789
254.0,15.390555842891828
255.0,15.391428721148872
256.0,15.39230159940591
257.0,15.393174477662953
258.0,15.39404735591999
259.0,15.394920234177034
260.0,15.395793112434076
261.0,15.396665990691115
262.0,15.397538868948155
263.0,15.398411747205197
264.0,15.399284625462236
265.0,15.400157503719278
266.0,15.401030381976318
267.0,15.40190326023336
268.0,15.402776138490403
269.0,15.403649016747442
270.0,15.404521895004484
271.0,15.405394773261524
272.0,15.406267651518565
273.0,15.407140529775608
274.0,15.408013408032646
275.0,15.40888628628969
276.0,15.40975916454673
277.0,15.41063204280377
278.0,15.41150492106081
279.0,15.412377799317852
280.0,15.413250677574892
281.0,15.414123555831932
282.0,15.414996434088973
283.0,15.415869312346013
284.0,15.416742190603056
285.0,15.417615068860094
286.0,15.418487947117137
287.0,15.419360825374175
288.0,15.420233703631219
289.0,15.42110658188826
290.0,15.4219794601453
291.0,15.422852338402341
292.0,15.423725216659381
293.0,15.424598094916421
294.0,15.425470973173462
295.0,15.426343851430506
296.0,15.427216729687547
297.0,15.428089607944587
298.0,15.428962486201627
299.0,15.429835364458668
300.0,15.430708242715708
301.0,15.43158112097275
302.0,15.432453999229793
303.0,15.43332687748683
304.0,15.434199755743874
305.0,15.43507263400091
306.0,15.435945512257955
307.0,15.436818390514995
308.0,15.437691268772037
309.0,15.438564147029076
310.0,15.439437025286116
311.0,15.440309903543158
312.0,15.441182781800197
313.0,15.442055660057239
314.0,15.442928538314279
315.0,15.443801416571322
316.0,15.44467429482836
317.0,15.445547173085403
318.0,15.446420051342441
319.0,15.447292929599485
320.0,15.448165807856526
321.0,15.449038686113566
322.0,15.449911564370609
323.0,15.45078444262765
324.0,15.45165732088469
325.0,15.452530199141732
326.0,15.453403077398772
327.0,15.454275955655811
328.0,15.455148833912853
329.0,15.456021712169893
330.0,15.456894590426934
331.0,15.457767468683974
332.0,15.458640346941015
333.0,15.459513225198055
334.0,15.460386103455097
335.0,15.461258981712136
336.0,15.46213185996918
337.0,15.463004738226221
338.0,15.463877616483261
339.0,15.464750494740302
340.0,15.465623372997342
341.0,15.466496251254382
342.0,15.467369129511424
343.0,15.468242007768463
344.0,15.469114886025505
345.0,15.469987764282548
346.0,15.470860642539588
347.0,15.47173352079663
348.0,15.472606399053669
349.0,15.47347927731071
350.0,15.47435215556775
351.0,15.475225033824792
352.0,15.476097912081832
353.0,15.476970790338871
354.0,15.477843668595916
355.0,15.478716546852953
356.0,15.479589425109998
357.0,15.480462303367037
358.0,15.481335181624077
359.0,15.482208059881119
360.0,15.483080938138158
361.0,15.4839538163952
362.0,16.24183613965308
363.0,16.999718462910963
364.0,17.757600786168844
365.0,18.515483109426725
366.0,19.27336543268461
367.0,20.031247755942488
368.0,20.789130079200373
369.0,21.547012402458254
370.0,22.304894725716135
371.0,23.06277704897402
372.0,23.820659372231898
373.0,24.578541695489776
374.0,25.336424018747664
375.0,26.094306342005545
376.0,26.852188665263427
377.0,27.61007098852131
378.0,28.367953311779186
379.0,29.125835635037067
380.0,29.88371795829495
381.0,30.641600281552833
382.0,31.399482604810718
383.0,32.157364928068596
384.0,32.91524725132648
385.0,33.67312957458436
386.0,34.43101189784224
387.0,35.18889422110013
388.0,35.946776544358
389.0,36.70465886761589
390.0,37.462541190873765
391.0,38.22042351413165
392.0,38.97830583738953
393.0,39.736188160647416
394.0,40.49407048390529
395.0,41.25195280716318
396.0,42.00983513042106
397.0,42.76771745367894
398.0,43.525599776936815
399.0,44.283482100194696
400.0,45.041364423452585
401.0,45.799246746710466
402.0,46.55712906996835
403.0,47.31501139322623
404.0,48.07289371648412
405.0,48.83077603974199
406.0,49.58865836299987
407.0,50.34654068625776
408.0,51.104423009515635
409.0,51.86230533277351
410.0,52.620187656031405
411.0,53.37806997928928
412.0,54.13595230254716
413.0,54.89383462580505
414.0,55.65171694906292
415.0,56.40959927232081
416.0,57.16748159557869
417.0,57.925363918836574
418.0,58.683246242094455
419.0,59.44112856535233
420.0,60.19901088861022
421.0,60.9568932118681
422.0,61.71477553512597
423.0,62.47265785838386
424.0,63.23054018164174
425.0,63.98842250489962
426.0,64.74630482815752
427.0,65.50418715141538
428.0,66.26206947467328
429.0,67.01995179793116
430.0,67.77783412118903
431.0,68.53571644444692
432.0,69.2935987677048
433.0,70.05148109096268
434.0,70.80936341422056
435.0,71.56724573747844
436.0,72.32512806073632
437.0,73.08301038399419
438.0,73.8408927072521
439.0,74.59877503050997
440.0,75.35665735376784
441.0,76.11453967702573
442.0,76.87242200028362
443.0,77.6303043235415
444.0,78.38818664679938
445.0,79.14606897005726
446.0,79.90395129331515
447.0,80.66183361657302
448.0,81.4197159398309
449.0,82.17759826308878
450.0,82.93548058634666
451.0,83.69336290960455
452.0,84.45124523286243
453.0,85.20912755612032
454.0,85.9670098793782
455.0,86.72489220263608
456.0,87.48277452589393
457.0,88.24065684915183
458.0,88.99853917240972
459.0,89.75642149566761
460.0,90.5143038189255
461.0,91.27218614218336
462.0,92.03006846544125
463.0,92.7879507886991
464.0,93.54583311195701
465.0,94.3037154352149
466.0,95.06159775847279
467.0,95.81948008173065
468.0,96.57736240498853
469.0,97.33524472824642
470.0,98.09312705150431
471.0,98.85100937476219
472.0,99.60889169802006
473.0,100.36677402127796
474.0,101.12465634453582
475.0,101.88253866779371
476.0,102.6404209910516
477.0,103.39830331430949
478.0,104.15618563756735
479.0,104.91406796082525
480.0,105.67195028408312
481.0,106.42983260734098
482.0,106.46572830391304
483.0,106.50162400048507
484.0,106.53751969705712
485.0,106.57341539362915
486.0,106.6093110902012
487.0,106.64520678677323
488.0,106.68110248334528
489.0,106.71699817991733
490.0,106.75289387648937
491.0,106.78878957306141
492.0,106.82468526963346
493.0,106.86058096620549
494.0,106.89647666277754
495.0,106.93237235934957
496.0,106.96826805592163
497.0,107.00416375249367
498.0,107.04005944906571
499.0,107.07595514563775
500.0,107.11185084220979
501.0,107.14774653878183
502.0,107.18364223535387
503.0,107.21953793192591
504.0,107.25543362849795
505.0,107.29132932507
506.0,107.32722502164204
507.0,107.36312071821408
508.0,107.39901641478612
509.0,107.43491211135816
510.0,107.4708078079302
511.0,107.50670350450224
512.0,107.54259920107428
513.0,107.57849489764634
514.0,107.61439059421836
515.0,107.65028629079042
516.0,107.68618198736245
517.0,107.7220776839345
518.0,107.75797338050653
519.0,107.79386907707858
520.0,107.82976477365061
521.0,107.86566047022266
522.0,107.90155616679469
523.0,107.93745186336675
524.0,107.97334755993877
525.0,108.00924325651083
526.0,108.04513895308285
527.0,108.08103464965491
528.0,108.11693034622694
529.0,108.15282604279899
530.0,108.18872173937102
531.0,108.2246174359431
532.0,108.26051313251513
533.0,108.29640882908718
534.0,108.33230452565921
535.0,108.36820022223127
536.0,108.40409591880329
537.0,108.43999161537535
538.0,108.47588731194737
539.0,108.51178300851943
540.0,108.54767870509146
541.0,108.58357440166351
542.0,108.61947009823552
543.0,108.6553657948076
544.0,108.6912614913796
545.0,108.72715718795168
546.0,108.76305288452369
547.0,108.79894858109576
548.0,108.83484427766777
549.0,108.87073997423984
550.0,108.90663567081185
551.0,108.94253136738392
552.0,108.97842706395596
553.0,109.014322760528
554.0,109.05021845710004
555.0,109.08611415367209
556.0,109.12200985024413
557.0,109.15790554681617
558.0,109.19380124338821
559.0,109.22969693996025
560.0,109.26559263653229
561.0,109.30148833310433
562.0,109.33738402967637
563.0,109.37327972624841
564.0,109.40917542282045
565.0,109.4450711193925
566.0,109.48096681596454
567.0,109.51686251253658
568.0,109.55275820910862
569.0,109.58865390568066
570.0,109.62454960225271
571.0,109.66044529882475
572.0,109.6963409953968
573.0,109.73223669196884
574.0,109.76813238854088
575.0,109.80402808511292
576.0,109.83992378168496
577.0,109.875819478257
578.0,109.91171517482906
579.0,109.94761087140108
580.0,109.98350656797314
581.0,110.01940226454516
582.0,110.05529796111722
583.0,110.09119365768925
584.0,110.1270893542613
585.0,110.16298505083333
586.0,110.19888074740538
587.0,110.23477644397741
588.0,110.27067214054946
589.0,110.30656783712149
590.0,110.34246353369355
591.0,110.37835923026557
592.0,110.41425492683763
593.0,110.45015062340967
594.0,110.48604631998171
595.0,110.52194201655375
596.0,110.55783771312579
597.0,110.59373340969783
598.0,110.62962910626987
599.0,110.66552480284192
600.0,110.70142049941396
601.0,110.737316195986
602.0,110.32168029216027
603.0,109.90604438833452
604.0,109.4904084845088
605.0,109.07477258068307
606.0,108.65913667685734
607.0,108.24350077303161
608.0,107.82786486920588
609.0,107.41222896538014
610.0,106.9965930615544
611.0,106.58095715772869
612.0,106.16532125390296
613.0,105.74968535007721
614.0,105.33404944625148
615.0,104.91841354242575
616.0,104.50277763860002
617.0,104.08714173477428
618.0,103.67150583094856
619.0,103.25586992712283
620.0,102.8402340232971
621.0,102.42459811947137
622.0,102.00896221564562
623.0,101.59332631181992
624.0,101.17769040799416
625.0,100.76205450416843
626.0,100.34641860034272
627.0,99.93078269651697
628.0,99.51514679269124
629.0,99.0995108888655
630.0,98.6838749850398
631.0,98.26823908121405
632.0,97.85260317738832
633.0,97.43696727356259
634.0,97.02133136973686
635.0,96.60569546591113
636.0,96.1900595620854
637.0,95.77442365825966
638.0,95.35878775443393
639.0,94.94315185060819
640.0,94.52751594678247
641.0,94.11188004295671
642.0,93.69624413913101
643.0,93.28060823530527
644.0,92.86497233147954
645.0,92.4493364276538
646.0,92.03370052382807
647.0,91.61806462000234
648.0,91.2024287161766
649.0,90.7867928123509
650.0,90.37115690852515
651.0,89.95552100469942
652.0,89.53988510087368
653.0,89.12424919704797
654.0,88.70861329322221
655.0,88.2929773893965
656.0,87.87734148557075
657.0,87.46170558174502
658.0,87.04606967791929
659.0,86.63043377409356
660.0,86.21479787026784
661.0,85.79916196644211
662.0,85.38352606261637
663.0,84.96789015879064
664.0,84.55225425496491
665.0,84.13661835113918
666.0,83.72098244731345
667.0,83.30534654348769
668.0,82.889710639662
669.0,82.47407473583624
670.0,82.05843883201052
671.0,81.64280292818476
672.0,81.22716702435905
673.0,80.81153112053332
674.0,80.39589521670759
675.0,79.98025931288186
676.0,79.56462340905613
677.0,79.1489875052304
678.0,78.73335160140465
679.0,78.31771569757892
680.0,77.9020797937532
681.0,77.48644388992747
682.0,77.07080798610173
683.0,76.65517208227601
684.0,76.23953617845027
685.0,75.82390027462455
686.0,75.4082643707988
687.0,74.99262846697309
688.0,74.57699256314734
689.0,74.16135665932161
690.0,73.74572075549587
691.0,73.33008485167016
692.0,72.91444894784442
693.0,72.49881304401869
694.0,72.08317714019296
695.0,71.66754123636721
696.0,71.2519053325415
697.0,70.83626942871575
698.0,70.42063352489004
699.0,70.00499762106429
700.0,69.58936171723857
701.0,69.17372581341284
702.0,68.7580899095871
703.0,68.34245400576137
704.0,67.92681810193565
705.0,67.5111821981099
706.0,67.09554629428416
707.0,66.67991039045845
708.0,66.26427448663271
709.0,65.84863858280698
710.0,65.43300267898124
711.0,65.01736677515552
712.0,64.60173087132979
713.0,64.18609496750406
714.0,63.77045906367832
715.0,63.35482315985259
716.0,62.93918725602687
717.0,62.52355135220113
718.0,62.1079154483754
719.0,61.69227954454966
720.0,61.27664364072394
721.0,60.8610077368982
722.0,60.49941644922299
723.0,60.13782516154778
724.0,59.77623387387258
725.0,59.41464258619735
726.0,59.05305129852214
727.0,58.69146001084693
728.0,58.32986872317172
729.0,57.96827743549652
730.0,57.60668614782129
731.0,57.245094860146075
732.0,56.88350357247087
733.0,56.52191228479566
734.0,56.160320997120444
735.0,55.79872970944524
736.0,55.43713842177003
737.0,55.07554713409482
738.0,54.7139558464196
739.0,54.35236455874439
740.0,53.99077327106918
741.0,53.62918198339397
742.0,53.26759069571875
743.0,52.90599940804354
744.0,52.544408120368324
745.0,52.18281683269312
746.0,51.82122554501792
747.0,51.45963425734271
748.0,51.09804296966749
749.0,50.73645168199227
750.0,50.37486039431706
751.0,50.01326910664185
752.0,49.65167781896664
753.0,49.29008653129142
754.0,48.92849524361621
755.0,48.56690395594101
756.0,48.2053126682658
757.0,47.84372138059058
758.0,47.48213009291537
759.0,47.120538805240166
760.0,46.75894751756495
761.0,46.39735622988973
762.0,46.03576494221451
763.0,45.67417365453931
764.0,45.3125823668641
765.0,44.95099107918889
766.0,44.58939979151367
767.0,44.22780850383846
768.0,43.86621721616326
769.0,43.50462592848804
770.0,43.14303464081283
771.0,42.78144335313762
772.0,42.41985206546241
773.0,42.0582607777872
774.0,41.69666949011199
775.0,41.33507820243676
776.0,40.97348691476156
777.0,40.61189562708635
778.0,40.25030433941113
779.0,39.88871305173592
780.0,39.52712176406071
781.0,39.1655304763855
782.0,38.80393918871029
783.0,38.44234790103508
784.0,38.08075661335987
785.0,37.719165325684656
786.0,37.35757403800944
787.0,36.995982750334235
788.0,36.63439146265902
789.0,36.27280017498381
790.0,35.91120888730859
791.0,35.54961759963338
792.0,35.18802631195817
793.0,34.82643502428296
794.0,34.46484373660775
795.0,34.103252448932544
796.0,33.741661161257326
797.0,33.38006987358211
798.0,33.0184785859069
799.0,32.65688729823169
800.0,32.29529601055648
801.0,31.93370472288126
802.0,31.572113435206052
803.0,31.210522147530842
804.0,30.848930859855635
805.0,30.487339572180417
806.0,30.12574828450521
807.0,29.76415699683
808.0,35.53589421186529
809.0,246.22693339287488
810.0,352.0309956620372
811.0,366.4790449343824
812.0,380.68154337195443
813.0,394.64446043731147
814.0,408.37064265631034
815.0,421.86362881998855
816.0,435.12763139781106
817.0,448.1663513512628
818.0,460.9834961162305
819.0,473.58272951877916
820.0,485.9676835534801
821.0,498.14195425292047
822.0,510.1089381168212
823.0,521.872242314559
824.0,533.4350306615107
825.0,544.8008382136061
826.0,555.9727229367812
827.0,566.9540350668793
828.0,577.7478186699708
829.0,588.3571158046443
830.0,598.7851188058221
831.0,609.0349128687042
832.0,619.1091420266515
833.0,629.010919584837
834.0,638.743162171898
835.0,648.3086226414963
836.0,657.7099810387139
837.0,666.9500229300274
838.0,676.0314211525435
839.0,684.9567653757804
840.0,693.728634106859
841.0,702.3495454791199
842.0,711.1721982863264
843.0,719.8553000886637
844.0,728.3958214116946
845.0,736.8130083286311
846.0,745.5551778442626
847.0,754.1527737307708
848.0,762.6081624474606
849.0,770.9236937207647
850.0,779.1017319897754
851.0,787.1446743049818
852.0,795.0548557166279
853.0,802.8340078702005
854.0,810.4841910338539
855.0,818.0005076705921
856.0,825.3983845176697
857.0,832.6749040665276
858.0,839.8314117307399
859.0,846.8696416233004
860.0,853.7915093535465
861.0,860.5995209027593
862.0,867.2941847049588
863.0,873.8783526714715
864.0,880.3530913553265
865.0,886.7205880718948
866.0,892.9825978416194
867.0,899.1408945067915
868.0,905.1972887256702
869.0,911.1532690129
870.0,917.0104016320388
871.0,922.7705871267153
872.0,928.4355948377764
873.0,934.0071941060711
874.0,939.4859889156694
875.0,944.874017198569
876.0,950.1730334329061
877.0,955.3846688637294
878.0,960.5103897417731
879.0,965.5506300940087
880.0,970.5075499116192
881.0,975.3826385791181
882.0,980.1773854810187
883.0,984.8928361575421
884.0,989.5298475819743
885.0,994.090223907256
886.0,998.5753306803844
887.0,1002.9865334483544
888.0,1007.3245133699904
889.0,1011.5905206689667
890.0,1015.7860328189857
891.0,1019.9123082840537
892.0,1023.9706055281794
893.0,1027.9612648717564
894.0,1031.885897619143
895.0,1035.7456873900649
896.0,1039.5417970576784
897.0,1043.2752175813157
898.0,1046.9464677461795
899.0,1050.5570036325632
900.0,1054.1079005517818
901.0,1057.60023381515
902.0,1061.0347126356373
903.0,1064.4121055043445
904.0,1067.7336544843076
905.0,1071.0003538276142
906.0,1074.2131977863535
907.0,1077.3726197703122
908.0,1080.479651385125
909.0,1083.5353205123233
910.0,1086.5405462519
911.0,1089.4962128427042
912.0,1092.4025908525318
913.0,1095.2608797303153
914.0,1098.0719289904935
915.0,1100.8365881475045
916.0,1103.5555259644927
917.0,1106.229193553005
918.0,1108.8586292268317
919.0,1111.4446181480896
920.0,1113.8721144828078
921.0,1115.8042360251568
922.0,1117.1971413418858
923.0,1118.0529221296752
924.0,1118.3759418927918
925.0,1093.7867500571535
926.0,1062.2187418996236
927.0,1030.6669536643567
928.0,999.1914376284042
929.0,967.8599711555356
930.0,936.7361463985605
931.0,905.8757670335797
932.0,875.3362767557148
933.0,845.1794484428162
934.0,815.4597584240105
935.0,786.2317674059794
936.0,757.5421446049783
937.0,729.8065751906831
938.0,703.8510112252378
939.0,678.53909361055
940.0,653.9141676811479
941.0,630.0166374198265
942.0,606.8852200116025
943.0,584.5557371733773
944.0,563.0575671624459
945.0,542.4214946001615
946.0,522.6708667795239
947.0,503.8263466839027
948.0,485.90739500904436
949.0,468.92474679135336
950.0,452.8950023441347
951.0,437.82483322379557
952.0,423.7210429857732
953.0,410.590246701584
954.0,398.43306876428966
955.0,387.250497844702
956.0,377.0301624553704
957.0,367.75775108438023
958.0,359.42209644069004
959.0,352.02727180525585
960.0,345.5578710617681
961.0,339.9840134600209
962.0,335.26723120123825
963.0,315.59913173336184
964.0,282.1569300091098
965.0,252.77972662605262
966.0,235.55258155759867
967.0,233.1193483234233
968.0,244.71836221983858
969.0,266.1252560599134
970.0,288.1472729088181
971.0,301.4752562642329
972.0,301.4326035994947
973.0,285.45675708073367
974.0,254.0020171369589
975.0,238.2296829600603
976.0,246.69216300176276
977.0,256.54069924932014
978.0,267.71728163450973
979.0,280.0315416297384
980.0,293.0495211014697
981.0,306.14582357736367
982.0,318.38295375937815
983.0,328.4466229517765
984.0,334.53894418070865
985.0,336.48745836805176
986.0,338.36871638797896
987.0,340.4027425699364
988.0,342.5903172604713
989.0,344.93223116490503
990.0,347.4287032174851
991.0,350.0797235252972
992.0,352.8852393810582
993.0,355.8447416784377
994.0,358.9570265721747
995.0,362.2216427386171
996.0,365.6374434304003
997.0,369.20250498129036
998.0,372.9161918361871
999.0,376.77486559644836
1000.0,380.7772978428226
1001.0,384.92180582120574
1002.0,389.21459494880565
1003.0,393.63734541127144
1004.0,398.19248672236625
1005.0,402.8760865205939
1006.0,407.6874868786315
1007.0,412.62053386159806
1008.0,417.6758418935803
1009.0,422.84470773803537
1010.0,428.1288263310814
1011.0,433.5190674273366
1012.0,439.01592896240186
1013.0,444.6090513349724
1014.0,450.29972882757596
1015.0,456.08580107372603
1016.0,461.9557271759991
1017.0,467.9095657724177
1018.0,473.94357849020474
1019.0,480.05021733475286
1020.0,486.22500739321816
1021.0,492.46386264209747
1022.0,498.7610593718326
1023.0,505.11082270696465
1024.0,511.5085512480535
1025.0,517.9488974261834
1026.0,524.4260006229916
1027.0,530.9348714659003
1028.0,537.4701828390345
1029.0,544.0260985810746
1030.0,550.5974197934146
1031.0,557.1787379851926
1032.0,563.764388022328
1033.0,570.348923170406
1034.0,576.9269105651787
1035.0,583.4928799156534
1036.0,590.041361331504
1037.0,596.5669106367259
1038.0,603.0641481439928
1039.0,609.5275742136973
1040.0,615.9517416409062
1041.0,622.3312055327017
1042.0,628.6605233081824
1043.0,634.9348683315818
1044.0,641.1489287429381
1045.0,647.2972407476591
1046.0,653.3745412600115
1047.0,659.3755856602904
1048.0,665.2953350043011
1049.0,671.129897476278
1050.0,676.8736083578532
1051.0,682.5215623860354
1052.0,688.0688993505672
1053.0,693.5108040939235
1054.0,698.8433863824116
1055.0,704.0624029956801
1056.0,709.1630216257367
1057.0,714.1409008249573
1058.0,718.9917723306879
1059.0,723.7114961989413
1060.0,728.2973569283987
1061.0,732.7447956695127
1062.0,737.1119624274406
1063.0,741.5136875265154
1064.0,745.7574141210554
1065.0,749.8401263922409
1066.0,753.7589338264096
1067.0,757.5101976815832
1068.0,761.0908546417105
1069.0,764.4979702123854
1070.0,767.7287387208479
1071.0,770.7812459696904
1072.0,773.6529261223096
1073.0,776.3416007068325
1074.0,778.8452959205115
1075.0,781.1623256692172
1076.0,783.2910327681152
1077.0,785.2299832763613
1078.0,786.9778950388858
1079.0,788.5335626824673
1080.0,789.8960797716867
1081.0,791.064660480241
1082.0,792.0098126788669
1083.0,792.7694896268044
1084.0,793.3344179929617
1085.0,793.7041838356682
1086.0,793.8790312632763
1087.0,789.0221244102129
1088.0,777.1065121679432
1089.0,765.0819706759615
1090.0,752.9577019726136
1091.0,740.7723197841538
1092.0,728.9499164005441
1093.0,717.3956595933448
1094.0,705.8708214477278
1095.0,694.4034113032428
1096.0,683.018536117511
1097.0,671.7451180911438
1098.0,660.6141101481446
1099.0,649.6495548940156
1100.0,638.8696079705327
1101.0,628.2986255931878
1102.0,617.9518981277802
1103.0,607.8583591759564
1104.0,598.03513941039
1105.0,588.5046927808742
1106.0,579.2829874660115
1107.0,570.3797891572311
1108.0,561.8123158529928
1109.0,553.5933603730821
1110.0,545.7313479023311
1111.0,538.2210004260673
1112.0,531.0781227006165
1113.0,524.327926577514
1114.0,517.966164465644
1115.0,511.9553787504972
1116.0,506.31484832275197
1117.0,501.1027615406213
1118.0,496.30886140132395
1119.0,491.8518966512327
1120.0,487.78271027571543
1121.0,484.0996254084687
1122.0,480.7955371736166
1123.0,477.86037143533173
1124.0,475.28852401238026
1125.0,473.072964179249
1126.0,471.20667275151686
1127.0,469.68259443614653
1128.0,468.49069023342406
1129.0,467.62428378211496
1130.0,467.07482950930415
1131.0,466.82511081542714
1132.0,466.86845128889
1133.0,467.19303992182137
1134.0,467.77941672183175
1135.0,468.61847172255654
1136.0,469.6942698878655
1137.0,470.9838112772028
1138.0,472.47538645519813
1139.0,473.9238029305752
1140.0,474.1358717646925
1141.0,474.1029866143024
1142.0,474.1607202618225
1143.0,474.28895029428105
1144.0,474.491590352981
1145.0,474.7132510593134
1146.0,474.9700293423953
1147.0,475.26962606676346
1148.0,475.61567606336547
1149.0,476.01030979785486
1150.0,476.4547993730048
1151.0,476.9498498480009
1152.0,477.4970304299759
1153.0,478.0972084227217
1154.0,478.75105584606774
1155.0,479.4594145110976
1156.0,480.2223263835968
1157.0,481.04015689312513
1158.0,481.9124171738408
1159.0,482.83974454372054
1160.0,483.82232842518755
1161.0,484.8590727815914
1162.0,485.95056444308346
1163.0,487.0968285140253
1164.0,488.29639431403285
1165.0,489.5493216619428
1166.0,490.85541282226865
1167.0,492.2134104615706
1168.0,493.6225061889815
1169.0,495.0823774940056
1170.0,496.591790047667
1171.0,498.1491324845431
1172.0,499.7539231808836
1173.0,501.4052267839303
1174.0,503.1021054703044
1175.0,504.8433758576451
1176.0,506.62650908553456
1177.0,508.45106048163507
1178.0,510.3157286825186
1179.0,512.2191759146299
1180.0,514.1600279942847
1181.0,516.1361214744073
1182.0,518.1461076866804
1183.0,520.1884183947593
1184.0,522.2613539986855
1185.0,524.3631610631595
1186.0,526.4921762649825
1187.0,528.6466370347946
1188.0,530.8246041879748
1189.0,533.0241642113838
1190.0,535.2433552706734
1191.0,537.4803493819157
1192.0,539.7336643308632
1193.0,542.0010103074662
1194.0,544.2803842337996
1195.0,546.5697503410447
1196.0,548.8670401694872
1197.0,551.1709003470846
1198.0,553.4789583180194
1199.0,555.7891814233452
1200.0,558.099524386394
1201.0,560.4079239960464
1202.0,562.7408905936352
1203.0,565.0681182815604
1204.0,567.386948739579
1205.0,569.6953471167699
1206.0,571.9910800844084
1207.0,574.2736833959038
1208.0,576.5395622858096
1209.0,578.7889167226275
1210.0,581.017502704302
1211.0,583.2260190884812
1212.0,585.4098003230414
1213.0,587.5701995682062
1214.0,589.7029829905385
1215.0,591.8079649409074
1216.0,593.8826891319768
1217.0,595.9251779235979
1218.0,597.9337946755793
1219.0,599.9066041301882
1220.0,601.8417892815539
1221.0,603.7382033735843
1222.0,605.5939077324532
1223.0,607.407066097055
1224.0,609.175894339375
1225.0,610.8992536078931
1226.0,612.5761569048634
1227.0,614.204464313755
1228.0,615.7825758715658
1229.0,617.3089162749187
1230.0,618.7836802690324
1231.0,620.2045606809675
1232.0,621.5701612668452
1233.0,622.879085782786
1234.0,624.1308975727503
1235.0,625.324798152099
1236.0,626.4590982961014
1237.0,627.532611847833
1238.0,628.5443595069704
1239.0,629.4948679594886
1240.0,630.3822611480974
1241.0,631.2055734155689
1242.0,631.963839104674
1243.0,632.6574237396793
1244.0,633.2856503224849
1245.0,633.8473661178754
1246.0,634.3418389561373
1247.0,634.7687824178365
1248.0,635.1290847739589
1249.0,635.4213433298958
1250.0,635.6450709680374
1251.0,635.7997805707738
1252.0,635.9038985001126
1253.0,634.7264804848086
1254.0,630.5605055665225
1255.0,626.3497412900778
1256.0,622.100903263614
1257.0,617.8244551844239
1258.0,613.5324271950846
1259.0,609.238158567578
1260.0,604.946461123569
1261.0,600.6753661642947
1262.0,596.433281735672
1263.0,592.233804364631
1264.0,588.0877425742922
1265.0,584.0031615311063
1266.0,579.9906459403026
1267.0,576.0567260798424
1268.0,572.2104121335708
1269.0,568.4570943776774
1270.0,564.804417924755
1271.0,561.2573840111139
1272.0,557.8227021616829
1273.0,554.5062423768039
1274.0,551.3111317009773
1275.0,548.2429875168395
1276.0,545.3061530611454
1277.0,542.5023606387605
1278.0,539.8351788348872
1279.0,537.3069667610896
1280.0,534.9192076348511
1281.0,532.6732358428128
1282.0,530.569762416912
1283.0,528.6099755044997
1284.0,526.7935720863968
1285.0,525.1198890466712
1286.0,523.5878193939582
1287.0,522.1957430472752
1288.0,520.9442874659441
1289.0,519.8302407763396
1290.0,518.8509589619537
1291.0,518.0034473628846
1292.0,517.2842657621603
1293.0,516.6938715186512
1294.0,516.2266671996083
1295.0,515.8787691456209
1296.0,515.645946270284
1297.0,515.5237823497521
1298.0,515.5116142043478
1299.0,515.6029515908732
1300.0,515.7931056170797
1301.0,516.077143780541
1302.0,516.4501939292451
1303.0,516.910623732906
1304.0,517.4517029986571
1305.0,518.0683963140065
1306.0,518.7555212155859
1307.0,519.5081517517243
1308.0,520.323953717552
1309.0,521.1964325172963
1310.0,522.1205821893165
1311.0,523.0913339832553
1312.0,524.1040088888859
1313.0,525.1558721578887
1314.0,526.2409982575033
1315.0,527.3547036725731
1316.0,528.4923118424316
1317.0,529.6496243130362
1318.0,530.8238720419421
1319.0,532.0098970997683
1320.0,533.2035749165207
1321.0,534.4008450121438
1322.0,535.5812356634607
1323.0,536.7694464827514
1324.0,537.9563461805812
1325.0,539.1377285002542
1326.0,540.308226224018
1327.0,541.4628241393721
1328.0,542.5964546267218
1329.0,543.7081647905619
1330.0,544.7922536530336
1331.0,545.8459503429864
1332.0,546.8706808394734
1333.0,547.8667445307055
1334.0,548.8213438881966
1335.0,549.714986056704
1336.0,550.5643012407976
1337.0,551.4289426563645
1338.0,552.2384908800198
1339.0,552.9884030485191
1340.0,553.6909624823256
1341.0,554.3482594715292
1342.0,554.9896266057548
1343.0,555.5735873330725
1344.0,556.1375932505483
1345.0,556.6231471232586
1346.0,557.0460199480513
1347.0,557.4394067027156
1348.0,557.7883690695429
1349.0,558.0976362549658
1350.0,558.3616344677188
1351.0,558.5829699269635
1352.0,558.7612470676593
1353.0,558.8988483392342
1354.0,558.9960535546234
1355.0,559.0533958537105
1356.0,559.0724623416304
1357.0,559.0545465089103
1358.0,559.0008847506433
1359.0,558.911551518503
1360.0,558.789083993811
1361.0,558.6343337470215
1362.0,558.4484503092942
1363.0,558.2331681166786
1364.0,557.9896161183982
1365.0,557.7205664194721
1366.0,557.4278107121942
1367.0,557.112646431949
1368.0,556.7757581269865
1369.0,556.4193148908339
1370.0,556.0449836825843
1371.0,555.653956769822
1372.0,555.246740456862
1373.0,554.8253919768788
1374.0,554.3913442234169
1375.0,553.9461402276368
1376.0,553.4914564796222
1377.0,553.028643961904
1378.0,552.5591864765106
1379.0,552.0852956765141
1380.0,551.6099132706311
1381.0,551.1340329211653
1382.0,550.6594548026327
1383.0,550.186373107918
1384.0,549.713672826141
1385.0,549.2441337989533
1386.0,548.7788978900611
1387.0,548.3178960997766
1388.0,547.8602780910556
1389.0,547.4078547754892
1390.0,546.9612987365231
1391.0,546.5236175204416
1392.0,546.0989646289036
1393.0,545.68684475377
1394.0,545.2887880556119
1395.0,544.9006398466285
1396.0,544.516257418156
1397.0,544.1397419382765
1398.0,543.7706407251213
1399.0,543.4147540250327
1400.0,543.0792599842895
1401.0,542.761153334386
1402.0,542.4620566463439
1403.0,542.1810042148329
1404.0,541.9167680543608
1405.0,541.6719222068277
1406.0,541.4472704196289
1407.0,541.234303915751
1408.0,541.0245937322549
1409.0,540.8220169087306
1410.0,540.6245643013732
1411.0,540.4418489747986
1412.0,540.2822012479622
1413.0,540.1401821017465
1414.0,540.0171393065053
1415.0,539.9049278259655
1416.0,539.7973480445146
1417.0,539.6982406420316
1418.0,539.6063278102832
1419.0,539.5309691319826
1420.0,539.4784072260924
1421.0,539.4448936610922
1422.0,539.4319717032242
1423.0,539.4260570491366
1424.0,539.419242322215
1425.0,539.416154438314
1426.0,539.4144851655692
1427.0,539.421069752291
1428.0,539.4386082685896
1429.0,539.4631724663111
1430.0,539.4946915504985
1431.0,539.5320687889428
1432.0,539.5747455193612
1433.0,539.6228069890802
1434.0,539.675940854098
1435.0,539.7318887773251
1436.0,539.789545115521
1437.0,539.8488475061066
1438.0,539.9090423300645
1439.0,539.9727240179881
1440.0,540.0402897951684
1441.0,540.1106306898853
1442.0,540.1475442912376
1443.0,540.1839029505539
1444.0,540.2195999486975
1445.0,540.254209674982
1446.0,540.2874545496578
1447.0,540.319168058498
1448.0,540.3487725525159
1449.0,540.3763423618542
1450.0,540.4011355525887
1451.0,540.4233901933156
1452.0,540.4423030116031
1453.0,540.4581916317636
1454.0,540.470431939342
1455.0,540.4790321775438
1456.0,540.4838165127577
1457.0,540.484506456897
1458.0,540.4809562378551
1459.0,540.4730371834283
1460.0,540.4606297308875
1461.0,540.4435512479172
1462.0,540.4219670364456
1463.0,540.3956872741846
1464.0,540.3645597122442
1465.0,540.3284630290802
1466.0,540.2875294614144
1467.0,540.2419497034191
1468.0,540.1914649310218
1469.0,540.1360266709769
1470.0,540.075608058426
1471.0,540.0107696307929
1472.0,539.9412237842888
1473.0,539.866993734533
1474.0,539.788102697145
1475.0,539.704865756399
1476.0,539.6174305763135
1477.0,539.5257558650217
1478.0,539.429923030095
1479.0,539.3300787361223
1480.0,539.2266063390058
1481.0,539.1194646818318
1482.0,539.0087786220992
1483.0,538.8946730173074
1484.0,538.7774654035456
1485.0,538.6572729540877
1486.0,538.5342143868697
1487.0,538.4084433366487
1488.0,538.2801592567139
1489.0,538.149599266984
1490.0,538.0168814231866
1491.0,537.8821755198413
1492.0,537.7456513514671
1493.0,537.6075152991395
1494.0,537.467924525231
1495.0,537.3270522699413
1496.0,537.1850726193717
1497.0,537.0421361349939
1498.0,536.8983997720518
1499.0,536.7540456652335
1500.0,536.6092424382523
1501.0,536.4641454912717
1502.0,536.3188160665864
1503.0,536.1734656785878
1504.0,536.0282489587103
1505.0,535.8833205383887
1506.0,535.7387163584244
1507.0,535.5945740237487
1508.0,535.4510608194513
1509.0,535.3083113301976
1510.0,535.1664056270848
1511.0,535.0253308468909
1512.0,534.8852828647151
1513.0,534.7463716876575
1514.0,534.6087073228192
1515.0,534.4721948047037
1516.0,534.3369896030568
1517.0,534.2031929226116
1518.0,534.070888089333
1519.0,533.9400589593695
1520.0,533.8106769094568
1521.0,533.6828750536026
1522.0,533.5567092902578
1523.0,533.4322246457258
1524.0,533.3092580845143
1525.0,533.1879517223301
1526.0,533.0683352445623
1527.0,532.9504383365996
1528.0,532.8341659870579
1529.0,532.7195018251467
1530.0,532.6065002297782
1531.0,532.4951667940406
1532.0,532.3854734199177
1533.0,532.277285343492
1534.0,532.1706653530924
1535.0,532.0655983497345
1536.0,531.9620692344348
1537.0,531.8599465977946
1538.0,531.7592241508515
1539.0,531.6598887918735
1540.0,531.5619084925206
1541.0,531.4652137475947
1542.0,531.3697098482639
1543.0,531.2753916523624
1544.0,531.1822145348558
1545.0,531.0901338707106
1546.0,530.9990318260872
1547.0,530.9088908603054
1548.0,530.8196586995809
1549.0,530.7312823186987
1550.0,530.6436898716333
1551.0,530.5568160086706
1552.0,530.4706135910142
1553.0,530.3850253739079
1554.0,530.2999934768401
1555.0,530.2154561687835
1556.0,530.1313580029296
1557.0,530.0476411378361
1558.0,529.9642477320612
1559.0,529.8811366694015
1560.0,529.798251778492
1561.0,529.7155337312678
1562.0,529.6560038913049
1563.0,529.5965296797746
1564.0,529.5370606250685
1565.0,529.477553370376
1566.0,529.4179564029884
1567.0,529.3582708913066
1568.0,529.2984111494408
1569.0,529.2383995231155
1570.0,529.178137812324
1571.0,529.1176608299795
1572.0,529.0568681885866
1573.0,528.9957971839553
1574.0,528.934376649838
1575.0,528.8726024193865
1576.0,528.8104559827954
1577.0,528.747901049954
1578.0,528.6849208421024
1579.0,528.6214973208188
1580.0,528.5576156869482
1581.0,528.4932531467398
1582.0,528.4284185596489
1583.0,528.3630968776223
1584.0,528.2972665887033
1585.0,528.2309121058674
1586.0,528.1640490897488
1587.0,528.0966872577519
1588.0,528.0288007745077
1589.0,527.9603820869514
1590.0,527.8914407912007
1591.0,527.8220123881044
1592.0,527.7520728714192
1593.0,527.6816225774033
1594.0,527.6106662840219
1595.0,527.539252956076
1596.0,527.4673649625477
1597.0,527.3950092288127
1598.0,527.3221926802487
1599.0,527.2489580842727
1600.0,527.1753055288656
1601.0,527.101243864274
1602.0,527.0267850785083
1603.0,526.9519593147347
1604.0,526.8767844058935
1605.0,526.8012697317768
1606.0,526.7254309114716
1607.0,526.6492908363289
1608.0,526.5728747036939
1609.0,526.496194368579
1610.0,526.4192677567485
1611.0,526.3421144554997
1612.0,526.2647592409
1613.0,526.1872174602465
1614.0,526.1095081269488
1615.0,526.0316502535882
1616.0,525.9536627952078
1617.0,525.8755647865237
1618.0,525.7973752337113
1619.0,525.7191131429455
1620.0,525.6407896191278
1621.0,525.5624235874313
1622.0,525.4840340063879
1623.0,525.4056384063389
1624.0,525.3272542797376
1625.0,525.2488990811515
1626.0,525.1705832552294
1627.0,525.0923106384301
1628.0,525.0141050932058
1629.0,524.9359808552343
1630.0,524.8579518733185
1631.0,524.7800318093867
1632.0,524.7022340384923
1633.0,524.6245514319537
1634.0,524.5470033017046
1635.0,524.4696007590419
1636.0,524.3923529101908
1637.0,524.315268316096
1638.0,524.238354992423
1639.0,524.1616153624262
1640.0,524.0850510777788
1641.0,524.0086713013387
1642.0,523.932480226239
1643.0,523.8564813592603
1644.0,523.7806775208325
1645.0,523.7050708349209
1646.0,523.6296622524358
1647.0,523.5544527584264
1648.0,523.4794423626718
1649.0,523.4046303827702
1650.0,523.330015444138
1651.0,523.2555954800108
1652.0,523.1813721142178
1653.0,523.1073441024131
1654.0,523.0335059574768
1655.0,522.9598539707783
1656.0,522.8863838374272
1657.0,522.8130906562724
1658.0,522.7399703355842
1659.0,522.6670276754587
1660.0,522.5942509760207
1661.0,522.5216346058837
1662.0,522.4491724837953
1663.0,522.376858078639
1664.0,522.3046844094289
1665.0,522.2326530303735
1666.0,522.1607572862836
1667.0,522.0889875888993
1668.0,522.017337055314
1669.0,521.9457985127513
1670.0,521.874364498563
1671.0,521.8030299922362
1672.0,521.7317964926139
1673.0,521.6606511513962
1674.0,521.5895870824014
1675.0,521.5185972616388
1676.0,521.447674527307
1677.0,521.3768115797957
1678.0,521.3060163710928
1679.0,521.2352785657123
1680.0,521.1645894685967
1681.0,521.0939431409494
1682.0,521.0127609754735
1683.0,520.9316051116452
1684.0,520.8504705695156
1685.0,520.7693524398564
1686.0,520.6882448476138
1687.0,520.6071478917285
1688.0,520.5260517225055
1689.0,520.4449588925004
1690.0,520.3638580027937
1691.0,520.2827530896787
1692.0,520.2016323794683
1693.0,520.1205002461516
1694.0,520.0393482313585
1695.0,519.9581758395944
1696.0,519.8769808487583
1697.0,519.7957587998449
1698.0,519.7145077077776
1699.0,519.633225301239
1700.0,519.5519096420302
1701.0,519.4705579762649
1702.0,519.3891710071027
1703.0,519.30774682634
1704.0,519.2262827916919
1705.0,519.1447769200564
1706.0,519.063230707572
1707.0,518.9816450023151
1708.0,518.9000166761332
1709.0,518.8183446424802
1710.0,518.7366297491315
1711.0,518.6548757512968
1712.0,518.5730797131832
1713.0,518.4912414368124
1714.0,518.4093612409986
1715.0,518.3274444689375
1716.0,518.2454888758552
1717.0,518.1634950166173
1718.0,518.0814634460872
1719.0,517.9993989205338
1720.0,517.9173011689112
1721.0,517.8351709819669
1722.0,517.7530095054932
1723.0,517.670820087589
1724.0,517.5886045513071
1725.0,517.5063637386918
1726.0,517.4240992325069
1727.0,517.3418135516354
1728.0,517.2595094738929
1729.0,517.1771881120251
1730.0,517.0948513413517
1731.0,517.0125012858355
1732.0,516.9301408013014
1733.0,516.8477713937958
1734.0,516.7653950960839
1735.0,516.6830139466907
1736.0,516.6006302524044
1737.0,516.5182459458933
1738.0,516.4358630941821
1739.0,516.3534837642968
1740.0,516.2711093581115
1741.0,516.1887419507551
1742.0,516.1063835997112
1743.0,516.0240362497068
1744.0,515.9417018423404
1745.0,515.859382316083
1746.0,515.777078891013
1747.0,515.6947921827185
1748.0,515.6125247571417
1749.0,515.5302782348474
1750.0,515.4480542085037
1751.0,515.365854242884
1752.0,515.2836798748673
1753.0,515.2015303957567
1754.0,515.1194080355828
1755.0,515.0373140776959
1756.0,514.9552496092858
1757.0,514.8732156616801
1758.0,514.7912132103439
1759.0,514.7092425457021
1760.0,514.62730390991
1761.0,514.5453984416334
1762.0,514.4635266927932
1763.0,514.3816891422636
1764.0,514.2998861958756
1765.0,514.2181181794562
1766.0,514.1363851065921
1767.0,514.0546872749823
1768.0,513.9730247655856
1769.0,513.8913975833974
1770.0,513.8098056574502
1771.0,513.7282488408121
1772.0,513.646727318675
1773.0,513.5652409830268
1774.0,513.4837893405399
1775.0,513.4023720435127
1776.0,513.3209886770478
1777.0,513.2396387590514
1778.0,513.1583218954064
1779.0,513.0770385806259
1780.0,512.995787619042
1781.0,512.9145684307803
1782.0,512.8333803838862
1783.0,512.7522227943246
1784.0,512.6710949259798
1785.0,512.5899969715044
1786.0,512.5089282005698
1787.0,512.4278875943467
1788.0,512.3468744125612
1789.0,512.2658878800587
1790.0,512.1849271868061
1791.0,512.1039917999026
1792.0,512.0230818739124
1793.0,511.94219600323294
1794.0,511.8613334295324
1795.0,511.7804933763336
1796.0,511.6996750490169
1797.0,511.6188776348206
1798.0,511.5381020639111
1799.0,511.4573471413874
1800.0,511.3766119027068
1801.0,511.29589567861564
1802.0,511.2218746630503
1803.0,511.14787003821317
1804.0,511.0738819240046
1805.0,510.99990978881806
1806.0,510.9259529743107
1807.0,510.85201147752156
1808.0,510.77808417399655
1809.0,510.7041713512779
1810.0,510.63027168244633
1811.0,510.55638563666565
1812.0,510.4825118276486
1813.0,510.4086507704065
1814.0,510.33480145432645
1815.0,510.260963820195
1816.0,510.1871375992741
1817.0,510.1133222398652
1818.0,510.0395175057888
1819.0,509.96572311065546
1820.0,509.8919388015128
1821.0,509.8181642435424
1822.0,509.74439947801545
1823.0,509.67064426004225
1824.0,509.5968982642413
1825.0,509.5231612374864
1826.0,509.4494333135331
1827.0,509.3757145541059
1828.0,509.3020045787429
1829.0,509.2283032340175
1830.0,509.1546105835791
1831.0,509.080927017363
1832.0,509.0072521744142
1833.0,508.93358600102493
1834.0,508.85992850230747
1835.0,508.78628025513035
1836.0,508.71264097286485
1837.0,508.63901068747754
1838.0,508.5653894309358
1839.0,508.49177772269263
1840.0,508.4181754988569
1841.0,508.34458281877625
1842.0,508.27099978297986
1843.0,508.19742675457917
1844.0,508.1238639148134
1845.0,508.0503113280119
1846.0,507.97676914679914
1847.0,507.903237640308
1848.0,507.82971710984765
1849.0,507.75620764956454
1850.0,507.6827094484892
1851.0,507.60922272960516
1852.0,507.53574781576896
1853.0,507.4622848456098
1854.0,507.3888340296503
1855.0,507.31539557970905
1856.0,507.2419697678016
1857.0,507.16855678198715
1858.0,507.09515684047716
1859.0,507.02177016148266
1860.0,506.94839691485004
1861.0,506.87503731939205
1862.0,506.80169159262147
1863.0,506.72835994385844
1864.0,506.65504258219585
1865.0,506.58173971649893
1866.0,506.50845148561535
1867.0,506.4351779695687
1868.0,506.36191943864696
1869.0,506.2886760710171
1870.0,506.2154480422045
1871.0,506.14223552508986
1872.0,506.0690386899126
1873.0,505.9958574656979
1874.0,505.9226920980084
1875.0,505.84954273086316
1876.0,505.77640948756004
1877.0,505.7032924857476
1878.0,505.63019183742153
1879.0,505.5571075733063
1880.0,505.48403971943577
1881.0,505.4109884105881
1882.0,505.3379537121113
1883.0,505.264935681637
1884.0,505.19193436908137
1885.0,505.11894981527803
1886.0,505.0459820065287
1887.0,504.97303099132984
1888.0,504.9000967823344
1889.0,504.8271793839076
1890.0,504.754278792127
1891.0,504.68139499478434
1892.0,504.6085280067961
1893.0,504.535677815926
1894.0,504.4628443748261
1895.0,504.390027647081
1896.0,504.3172275887507
1897.0,504.24444414836745
1898.0,504.1716772827977
1899.0,504.09892703897884
1900.0,504.0261932905769
1901.0,503.9534759734838
1902.0,503.8807750176093
1903.0,503.8080903468805
1904.0,503.7354218792405
1905.0,503.6627696316054
1906.0,503.59013352168876
1907.0,503.51751343596703
1908.0,503.4449092902958
1909.0,503.37232099638845
1910.0,503.2997484618157
1911.0,503.2271916241818
1912.0,503.1546504960056
1913.0,503.0821249186859
1914.0,503.0096148041604
1915.0,502.93712006205607
1916.0,502.86464059969086
1917.0,502.7921763220727
1918.0,502.7197273299497
1919.0,502.6472934847768
1920.0,502.5748746737028
1921.0,502.5024708167923
1922.0,502.864921252878
1923.0,503.2273856632895
1924.0,503.58986467817914
1925.0,503.9523582615149
1926.0,504.3148663485845
1927.0,504.6773889276848
1928.0,505.0399258737286
1929.0,505.4024772163749
1930.0,505.7650427925952
1931.0,506.1276226598433
1932.0,506.49021664350073
1933.0,506.8528248084389
1934.0,507.21544702347046
1935.0,507.578083280908
1936.0,507.94073354500426
1937.0,508.30339773911567
1938.0,508.6660758328492
1939.0,509.0287677860825
1940.0,509.3914735620288
1941.0,509.75419311573506
1942.0,510.11692644225144
1943.0,510.4796735060243
1944.0,510.84243426289237
1945.0,511.20520867642085
1946.0,511.5679967532737
1947.0,511.9307984920926
1948.0,512.293613842257
1949.0,512.6564427784396
1950.0,513.019285299717
1951.0,513.3821414418517
1952.0,513.7450111561827
1953.0,514.1078944285945
1954.0,514.4707912516731
1955.0,514.8337016831731
1956.0,515.1966256824306
1957.0,515.5595632450937
1958.0,515.9225143668102
1959.0,516.2854790997376
1960.0,516.6484574284124
1961.0,517.011449351657
1962.0,517.3744548730673
1963.0,517.737474027411
1964.0,518.1005068278672
1965.0,518.4635532737337
1966.0,518.8266133747907
1967.0,519.1896871552123
1968.0,519.5527746431479
1969.0,519.9158758411536
1970.0,520.2789907635074
1971.0,520.6421194290024
1972.0,521.0052618697152
1973.0,521.3684180932202
1974.0,521.7315881166539
1975.0,522.0947719573747
1976.0,522.4579696430255
1977.0,522.8211811869044
1978.0,523.1844066074617
1979.0,523.5476459231472
1980.0,523.910899150173
1981.0,524.2741663070165
1982.0,524.6374474120961
1983.0,525.0007424834492
1984.0,525.3640515391052
1985.0,525.7273745970806
1986.0,526.0907116688604
1987.0,526.4540627604399
1988.0,526.8174278956103
1989.0,527.1808070895628
1990.0,527.5442003572522
1991.0,527.9076077133969
1992.0,528.2710291724798
1993.0,528.6344647234419
1994.0,528.9979143888428
1995.0,529.3613781805159
1996.0,529.7248561081409
1997.0,530.0883481808419
1998.0,530.4518544071877
1999.0,530.8153747862104
2000.0,531.1789093165005
2001.0,531.5424580096796
2002.0,531.9060208692398
2003.0,532.2695978978717
2004.0,532.6331890974664
2005.0,532.9967944688959
2006.0,533.3604140047919
2007.0,533.7240477080968
2008.0,534.0876955764809
2009.0,534.4513576067234
2010.0,534.8150337947131
2011.0,535.1787241354461
2012.0,535.5424286258179
2013.0,535.9061472603469
2014.0,536.2698800305446
2015.0,536.6336269285479
2016.0,536.9973879456602
2017.0,537.3611630723543
2018.0,537.7249522998702
2019.0,538.0887556284508
2020.0,538.4525730408058
2021.0,538.8164045258418
2022.0,539.1802500717899
2023.0,539.5441096662055
2024.0,539.9079832959676
2025.0,540.2718709584389
2026.0,540.6357726403944
2027.0,540.9996883252486
2028.0,541.3636179994994
2029.0,541.7275616491647
2030.0,542.091519259782
2031.0,542.4554908201313
2032.0,542.8194763271251
2033.0,543.1834757590052
2034.0,543.5474891016693
2035.0,543.911516340734
2036.0,544.2755574615358
2037.0,544.6396124491297
2038.0,545.0036813104539
2039.0,545.3677640256471
2040.0,545.7318605776991
2041.0,546.0959709532624
2042.0,546.3921447340066
2043.0,546.6883315816782
2044.0,546.9845321523597
2045.0,547.2807464656048
2046.0,547.5769745245071
2047.0,547.8732163171325
2048.0,548.1694718337734
2049.0,548.4657410745889
2050.0,548.7620240127379
2051.0,549.0583206575697
2052.0,549.3546309778251
2053.0,549.6509549851162
2054.0,549.9472926537605
2055.0,550.2436439822526
2056.0,550.5400089631208
2057.0,550.8363875786042
2058.0,551.1327798228973
2059.0,551.4291856869869
2060.0,551.725605162264
2061.0,552.0220382391299
2062.0,552.3184849115626
2063.0,552.6149451708831
2064.0,552.9114190076652
2065.0,553.2079064131539
2066.0,553.5044073835518
2067.0,553.8009219141394
2068.0,554.097449994529
2069.0,554.393991617243
2070.0,554.6905467776488
2071.0,554.9871154753895
2072.0,555.2836977002681
2073.0,555.5802934461138
2074.0,555.8769027075517
2075.0,556.1735254869484
2076.0,556.4701617749798
2077.0,556.7668115666348
2078.0,557.0634748569026
2079.0,557.3601516474702
2080.0,557.6568419320098
2081.0,557.953545705887
2082.0,558.2502629650327
2083.0,558.5469937091814
2084.0,558.8437379354341
2085.0,559.1404956391971
2086.0,559.4372668171566
2087.0,559.7340514678349
2088.0,560.0308495902625
2089.0,560.3276611802028
2090.0,560.6244862349164
2091.0,560.921324752287
2092.0,561.2181767320376
2093.0,561.5150421705002
2094.0,561.8119210653301
2095.0,562.1088134142203
2096.0,562.4057192166099
2097.0,562.7026384695023
2098.0,562.9995711707763
2099.0,563.2965173183096
2100.0,563.5934769102887
2101.0,563.8904499445875
2102.0,564.1874364190887
2103.0,564.4844363317277
2104.0,564.7814496804402
2105.0,565.0784764631642
2106.0,565.3755166773474
2107.0,565.6725703200262
2108.0,565.9696373895802
2109.0,566.266717883743
2110.0,566.563811800233
2111.0,566.8609191367523
2112.0,567.1580398909882
2113.0,567.4551740580832
2114.0,567.7523216365478
2115.0,568.0494826238281
2116.0,568.3466570171635
2117.0,568.6438448137454
2118.0,568.9410460107185
2119.0,569.2382606041377
2120.0,569.5354885900219
2121.0,569.8327299659222
2122.0,570.1299847284608
2123.0,570.4272528741847
2124.0,570.7245343995655
2125.0,571.021829300968
2126.0,571.3191375736319
2127.0,571.616459214288
2128.0,571.9137942189606
2129.0,572.2111425835843
2130.0,572.5085043040067
2131.0,572.8058793759858
2132.0,573.103267795328
2133.0,573.400669557678
2134.0,573.6980846584881
2135.0,573.9955130931962
2136.0,574.2929548571545
2137.0,574.5904099456291
2138.0,574.8878783539607
2139.0,575.1853600783838
2140.0,575.482855113383
2141.0,575.7803634540566
2142.0,576.0778850954339
2143.0,576.3754200324721
2144.0,576.6729682600607
2145.0,576.9705297742007
2146.0,577.2681045697725
2147.0,577.5656926413013
2148.0,577.8632939836406
2149.0,578.160908591594
2150.0,578.458536459917
2151.0,578.7561775837139
2152.0,579.0538319589664
2153.0,579.3514995796513
2154.0,579.64918044057
2155.0,579.9468745364971
2156.0,580.2445818621775
2157.0,580.542302412329
2158.0,580.8400361841034
2159.0,581.1377831716775
2160.0,581.4355433695492
2161.0,581.7333167726266
2162.0,581.2527594494964
2163.0,580.7722146279884
2164.0,580.2916829440701
2165.0,579.8111644231659
2166.0,579.3306590764989
2167.0,578.8501668925486
2168.0,578.36968787594
2169.0,577.88922202331
2170.0,577.4087693256789
2171.0,576.9283297860945
2172.0,576.4479033923036
2173.0,575.9674901488588
2174.0,575.4870900444372
2175.0,575.0067030783757
2176.0,574.5263292471609
2177.0,574.0459685416835
2178.0,573.5656209594522
2179.0,573.0852864960374
2180.0,572.6049651471264
2181.0,572.1246569081218
2182.0,571.6443617741542
2183.0,571.1640797406664
2184.0,570.6838108031883
2185.0,570.203554957172
2186.0,569.7233121987645
2187.0,569.2430825239845
2188.0,568.7628659280545
2189.0,568.2826624066046
2190.0,567.8024719556824
2191.0,567.3222945719592
2192.0,566.8421302506686
2193.0,566.3619789876325
2194.0,565.8818407787938
2195.0,565.4017156212744
2196.0,564.9216035104157
2197.0,564.4415044422166
2198.0,563.9614184126754
2199.0,563.4813454187354
2200.0,563.0012854562086
2201.0,562.5212385211469
2202.0,562.0412046096822
2203.0,561.5611837184695
2204.0,561.0811758438019
2205.0,560.6011809817381
2206.0,560.1211991285138
2207.0,559.6412302806772
2208.0,559.1612744348628
2209.0,558.6813315871493
2210.0,558.2014017338695
2211.0,557.7214848714666
2212.0,557.2415809967064
2213.0,556.7616901057595
2214.0,556.2818121950277
2215.0,555.8019472609238
2216.0,555.3220953002841
2217.0,554.8422563093532
2218.0,554.3624302845877
2219.0,553.8826172224449
2220.0,553.4028171196189
2221.0,552.9230299725635
2222.0,552.4432557777396
2223.0,551.9634945316476
2224.0,551.4837462307888
2225.0,551.0040108716667
2226.0,550.5242884508303
2227.0,550.0445789648688
2228.0,549.5648824102475
2229.0,549.0851987834935
2230.0,548.6055280811358
2231.0,548.125870299707
2232.0,547.646225435742
2233.0,547.1665934856286
2234.0,546.686974445958
2235.0,546.2073683132612
2236.0,545.7277750840614
2237.0,545.2481947548823
2238.0,544.7686273222482
2239.0,544.2890727825762
2240.0,543.809531132286
2241.0,543.3300023679611
2242.0,542.8504864860948
2243.0,542.370983483179
2244.0,541.8914933557016
2245.0,541.4120161001459
2246.0,540.9325517128362
2247.0,540.4531001903271
2248.0,539.973661529078
2249.0,539.4942357255441
2250.0,539.0148227761763
2251.0,538.535422677422
2252.0,538.0560354257148
2253.0,537.5766610174896
2254.0,537.0972994491837
2255.0,536.6179507172258
2256.0,536.1386148180403
2257.0,535.6592917480472
2258.0,535.1799815036743
2259.0,534.700684081419
2260.0,534.2213994776489
2261.0,533.7421276887803
2262.0,533.2628687112267
2263.0,532.783622541398
2264.0,532.3043891757015
2265.0,531.8251686106795
2266.0,531.3459608427481
2267.0,530.8667658682883
2268.0,530.3875836837225
2269.0,529.9084142854746
2270.0,529.4292576699663
2271.0,528.9501138336567
2272.0,528.47098277309
2273.0,527.991864484628
2274.0,527.5127589647135
2275.0,527.0336662097898
2276.0,526.5545862163028
2277.0,526.0755189806987
2278.0,525.5964644997066
2279.0,525.1174227697205
2280.0,524.6383937871756
2281.0,524.1593775485582
2282.0,523.6797450315825
2283.0,523.2001245831852
2284.0,522.7205168185153
2285.0,522.2409217633125
2286.0,521.7613394301877
2287.0,521.2817698079318
2288.0,520.8022129036482
2289.0,520.3226687134687
2290.0,519.8431372321928
2291.0,519.3636184615345
2292.0,518.8841123932295
2293.0,518.4046190303476
2294.0,517.9251383648965
2295.0,517.4456703964076
2296.0,516.966215122308
2297.0,516.4867725356279
2298.0,516.0073426346362
2299.0,515.527925416112
2300.0,515.048520876954
2301.0,514.5691290137647
2302.0,514.0897498225162
2303.0,513.6103832997929
2304.0,513.1310294423524
2305.0,512.6516882467965
2306.0,512.1723597098868
2307.0,511.69304382835435
2308.0,511.2137405987493
2309.0,510.73445001771523
2310.0,510.25517208201677
2311.0,509.7759067886031
2312.0,509.29665413399994
2313.0,508.817414114907
2314.0,508.3381867280635
2315.0,507.8589719705944
2316.0,507.3797698390416
2317.0,506.9005803301622
2318.0,506.4214034407134
2319.0,505.94223916766686
2320.0,505.4630875077375
2321.0,504.9839484576942
2322.0,504.50482201432476
2323.0,504.0257081745646
2324.0,503.5466069352473
2325.0,503.0675182931394
2326.0,502.58844224505765
2327.0,502.10937878789946
2328.0,501.6303279185835
2329.0,501.1512896338868
2330.0,500.6722639306512
2331.0,500.19325080576596
2332.0,499.7142502562616
2333.0,499.23526227890875
2334.0,498.7562868705796
2335.0,498.2773240281503
2336.0,497.79837374866844
2337.0,497.3194360289424
2338.0,496.84051086586544
2339.0,496.36159825633246
2340.0,495.8826981974007
2341.0,495.40381068596207
2342.0,494.92493571891305
2343.0,494.446073293178
2344.0,493.96722340568164
2345.0,493.48838605334976
2346.0,493.0095612331719
2347.0,492.53074894219134
2348.0,492.0519491772797
2349.0,491.57316193539316
2350.0,491.0943872134902
2351.0,490.6156250085319
2352.0,490.1368753174834
2353.0,489.6581381374101
2354.0,489.1794134652491
2355.0,488.7007012979814
2356.0,488.2220016325984
2357.0,487.7433144660958
2358.0,487.26463979547276
2359.0,486.78597761772164
2360.0,486.3073279298387
2361.0,485.8286907288429
2362.0,485.3500660117463
2363.0,484.8714537755656
2364.0,484.39285401732144
2365.0,483.9142667340382
2366.0,483.43569192275146
2367.0,482.9571295804899
2368.0,482.47857970429067
2369.0,482.000042291194
2370.0,481.52151733824496
2371.0,481.0430048424928
2372.0,480.5645048009519
2373.0,480.0860172106614
2374.0,479.60754206869296
2375.0,479.12907937210184
2376.0,478.650629117946
2377.0,478.17219130328664
2378.0,477.6937659251902
2379.0,477.2153529807361
2380.0,476.73695246698964
2381.0,476.2585643810263
2382.0,475.7801887199255
2383.0,475.3018254807694
2384.0,474.82347466064374
2385.0,474.34513625665755
2386.0,473.8668102659053
2387.0,473.3884966854797
2388.0,472.91019551248456
2389.0,472.4319067440259
2390.0,471.95363037721427
2391.0,471.4753664091674
2392.0,470.9971148370126
2393.0,470.5188756578668
2394.0,470.0406488688569
2395.0,469.5624344671139
2396.0,469.08423244977143
2397.0,468.6060428139692
2398.0,468.12786555686586
2399.0,467.6497006756044
2400.0,467.171548167333
2401.0,466.69340802920874
2402.0,466.6285562083499
2403.0,466.56371610360225
2404.0,466.49888831259693
2405.0,466.4340728607204
2406.0,466.36926976090257
2407.0,466.30447900229
2408.0,466.2397005929654
2409.0,466.1749345288796
2410.0,466.1101808064437
2411.0,466.04543942681346
2412.0,465.98071038367044
2413.0,465.91599367936226
2414.0,465.85128930741064
2415.0,465.7865972674356
2416.0,465.7219175573338
2417.0,465.6572501713459
2418.0,465.5925951080752
2419.0,465.527952364911
2420.0,465.4633219393594
2421.0,465.39870382863813
2422.0,465.33409802932783
2423.0,465.2695045386243
2424.0,465.20492335389685
2425.0,465.1403544723591
2426.0,465.07579789128994
2427.0,465.0112536079556
2428.0,464.94672161954855
2429.0,464.8822019232992
2430.0,464.81769451650763
2431.0,464.75319939657874
2432.0,464.68871656067694
2433.0,464.62424600606386
2434.0,464.55978773002823
2435.0,464.49534173010784
2436.0,464.4309080034631
2437.0,464.3664865473943
2438.0,464.30207735920106
2439.0,464.237680436292
2440.0,464.1732957759456
2441.0,464.10892337546807
2442.0,464.0445632321748
2443.0,463.98021534345304
2444.0,463.9158797066406
2445.0,463.8515563190427
2446.0,463.7872451779888
2447.0,463.72294628084893
2448.0,463.6586596250046
2449.0,463.5943852077651
2450.0,463.5301230264725
2451.0,463.4658730784972
2452.0,463.4016353612921
2453.0,463.33740987215765
2454.0,463.27319660845404
2455.0,463.20899556754443
2456.0,463.1448067469435
2457.0,463.0806301439552
2458.0,463.01646575595845
2459.0,462.9523135803329
2460.0,462.88817361453926
2461.0,462.8240458559558
2462.0,462.75993030196315
2463.0,462.69582694995563
2464.0,462.6317357973276
2465.0,462.5676568414747
2466.0,462.50359007985713
2467.0,462.43953550999083
2468.0,462.3754931292137
2469.0,462.3114629349504
2470.0,462.2474449246278
2471.0,462.18343909567585
2472.0,462.1194454455264
2473.0,462.05546397166097
2474.0,461.99149467150124
2475.0,461.9275375424911
2476.0,461.8635925820802
2477.0,461.7996597877219
2478.0,461.73573915687234
2479.0,461.67183068700035
2480.0,461.6079343755783
2481.0,461.5440502200667
2482.0,461.4801782179379
2483.0,461.41631836666755
2484.0,461.3524706637346
2485.0,461.28863510662205
2486.0,461.2248116928218
2487.0,461.16100041982037
2488.0,461.0972012851121
2489.0,461.03341428619433
2490.0,460.96963942056726
2491.0,460.90587668573573
2492.0,460.84212607917965
2493.0,460.77838759839705
2494.0,460.7146612409113
2495.0,460.65094700423396
2496.0,460.58724488587933
2497.0,460.52355488336474
2498.0,460.45987699421437
2499.0,460.396211215979
2500.0,460.33255754617187
2501.0,460.26891598232663
2502.0,460.20528652197993
2503.0,460.1416691626714
2504.0,460.07806390194463
2505.0,460.0144707373285
2506.0,459.95088966637115
2507.0,459.887320686628
2508.0,459.82376379565187
2509.0,459.76021899099857
2510.0,459.69668627022736
2511.0,459.6331656309001
2512.0,459.56965707058185
2513.0,459.5061605868404
2514.0,459.4426761772472
2515.0,459.3792038393757
2516.0,459.3157435708029
2517.0,459.2522953691091
2518.0,459.18885923188935
2519.0,459.1254351567273
2520.0,459.0620231412112
2521.0,458.99862318293435
2522.0,458.94262283066087
2523.0,458.8866338990781
2524.0,458.8306569709635
2525.0,458.7746920714172
2526.0,458.71873921362186
2527.0,458.66279838691327
2528.0,458.6068695998141
2529.0,458.5509528482538
2530.0,458.4950481297649
2531.0,458.439155445109
2532.0,458.38327478920684
2533.0,458.3274061639453
2534.0,458.27154956387426
2535.0,458.2157049886739
2536.0,458.15987243656076
2537.0,458.10405190260815
2538.0,458.0482433856456
2539.0,457.9924468834706
2540.0,457.93666239399306
2541.0,457.8808899148494
2542.0,457.82512944307575
2543.0,457.7693809762884
2544.0,457.7136445122675
2545.0,457.65792004864596
2546.0,457.60220758308736
2547.0,457.54650711325
2548.0,457.4908186367568
2549.0,457.43514215124884
2550.0,457.37947765442453
2551.0,457.3238251440684
2552.0,457.26818461776713
2553.0,457.21255607318733
2554.0,457.1569395080146
2555.0,457.1013349201034
2556.0,457.0457423070517
2557.0,456.9901616665526
2558.0,456.93459299629825
2559.0,456.8790362940361
2560.0,456.82349155744805
2561.0,456.76795878423013
2562.0,456.71243797208217
2563.0,456.65692911876556
2564.0,456.60143222199997
2565.0,456.5459472794769
2566.0,456.490474288909
2567.0,456.4350132480483
2568.0,456.37956415465914
2569.0,456.32412700643323
2570.0,456.268701801096
2571.0,456.21328853638556
2572.0,456.157887210079
2573.0,456.1024978198813
2574.0,456.04712036352663
2575.0,455.99175483874967
2576.0,455.93640124336594
2577.0,455.88105957507923
2578.0,455.82572983163317
2579.0,455.77041201077105
2580.0,455.7151061103286
2581.0,455.65981212804843
2582.0,455.604530061675
2583.0,455.54925990896965
2584.0,455.49400166769306
2585.0,455.4387553356066
2586.0,455.38352091051036
2587.0,455.3282983902377
2588.0,455.273087772517
2589.0,455.2178890551279
2590.0,455.1627022358515
2591.0,455.1075273124709
2592.0,455.05236428277135
2593.0,454.99721314458793
2594.0,454.9420738956927
2595.0,454.8869465338793
2596.0,454.83183105694775
2597.0,454.7767274626993
2598.0,454.72163574893784
2599.0,454.66655591347416
2600.0,454.6114879541205
2601.0,454.556431868686
2602.0,454.501387654986
2603.0,454.44635531083713
2604.0,454.3913348340598
2605.0,454.33632622247654
2606.0,454.2813294739314
2607.0,454.2263445862428
2608.0,454.1713715572432
2609.0,454.1164103847675
2610.0,454.06146106665335
2611.0,454.00652360074145
2612.0,453.9515979848541
2613.0,453.8966842168276
2614.0,453.8417822945163
2615.0,453.78689221576656
2616.0,453.73201397842644
2617.0,453.6771475803468
2618.0,453.6222930193807
2619.0,453.56745029338435
2620.0,453.512619400215
2621.0,453.4578003377322
2622.0,453.40299310379845
2623.0,453.348197696278
2624.0,453.29341411303756
2625.0,453.23864235194515
2626.0,453.1838824108716
2627.0,453.1291342876912
2628.0,453.0743979802794
2629.0,453.0196734865141
2630.0,452.96496080427534
2631.0,452.91025993144865
2632.0,452.8555708659277
2633.0,452.80089360559515
2634.0,452.74622814834214
2635.0,452.6915744920619
2636.0,452.63693263465046
2637.0,452.5823025740057
2638.0,452.527684308007
2639.0,452.47307783456097
2640.0,452.4184831515748
2641.0,452.3639002569536
2642.0,452.29259179725625
2643.0,452.2212945044993
2644.0,452.150008948541
2645.0,452.07873515397614
2646.0,452.0074731340033
2647.0,451.9362228782361
2648.0,451.8649843955664
2649.0,451.7937576818791
2650.0,451.7225427354766
2651.0,451.651339556851
2652.0,451.58014814176425
2653.0,451.50896849179145
2654.0,451.4378006022626
2655.0,451.3666444729041
2656.0,451.295500102158
2657.0,451.2243674856331
2658.0,451.15324662233485
2659.0,451.08213751036317
2660.0,451.0110401479345
2661.0,450.9399545329778
2662.0,450.86888066286264
2663.0,450.7978185355098
2664.0,450.72676814899444
2665.0,450.6557295012524
2666.0,450.5847025902216
2667.0,450.5136874138392
2668.0,450.44268397004066
2669.0,450.37169225676274
2670.0,450.30071227198385
2671.0,450.22974401374455
2672.0,450.1587874799412
2673.0,450.08784266853
2674.0,450.0169095774803
2675.0,449.9459882048988
2676.0,449.87507854868505
2677.0,449.80418060681563
2678.0,449.7332943772666
2679.0,449.6624198580705
2680.0,449.5915570471924
2681.0,449.52070594261215
2682.0,449.44986654231343
2683.0,449.37903884430847
2684.0,449.3082228465901
2685.0,449.2374185471389
2686.0,449.1666259439439
2687.0,449.09584503502253
2688.0,449.0250758184003
2689.0,448.9543182920524
2690.0,448.8835724539776
2691.0,448.81283830218297
2692.0,448.7421158347033
2693.0,448.67140504952295
2694.0,448.6007059446465
2695.0,448.5300185180794
2696.0,448.4593427679086
2697.0,448.3886786921086
2698.0,448.3180262886934
2699.0,448.2473855556774
2700.0,448.1767564911259
2701.0,448.10613909305226
2702.0,448.03553335947186
2703.0,447.9649392884089
2704.0,447.89435687788693
2705.0,447.82378612593004
2706.0,447.7532270305954
2707.0,447.6826795899659
2708.0,447.6121438020385
2709.0,447.54161966485185
2710.0,447.4711071764461
2711.0,447.4006063348631
2712.0,447.33011713814545
2713.0,447.2596395843522
2714.0,447.1891736715246
2715.0,447.11871939770987
2716.0,447.0482767609591
2717.0,446.97784575932417
2718.0,446.90742639085886
2719.0,446.83701865363355
2720.0,446.76662254571943
2721.0,446.6962380651666
2722.0,446.62586521004005
2723.0,446.5555039784063
2724.0,446.4851543683336
2725.0,446.4148163778925
2726.0,446.3444900051563
2727.0,446.2741752481988
2728.0,446.2038721050966
2729.0,446.1335805739278
2730.0,446.0633006527728
2731.0,445.9930323397138
2732.0,445.9227756328171
2733.0,445.85253053016186
2734.0,445.7822970298402
2735.0,445.71207512993817
2736.0,445.64186482854296
2737.0,445.57166612374374
2738.0,445.5014790136306
2739.0,445.4313034962972
2740.0,445.3611395698362
2741.0,445.29098723234335
2742.0,445.22084648191577
2743.0,445.1507173166512
2744.0,445.0805997346505
2745.0,445.01049373402225
2746.0,444.9403993128712
2747.0,444.8703164693005
2748.0,444.80024520141905
2749.0,444.73018550733605
2750.0,444.6601373851632
2751.0,444.5901008330116
2752.0,444.52007584898826
2753.0,444.45006243121355
2754.0,444.38006057780456
2755.0,444.31007028687964
2756.0,444.24009155655926
2757.0,444.1701243849651
2758.0,444.1001687702155
2759.0,444.03022471043596
2760.0,443.960292203754
2761.0,443.8903712482968
2762.0,443.82244398805534
2763.0,443.75452767095356
2764.0,443.6866228552359
2765.0,443.6187295650545
2766.0,443.5508478136772
2767.0,443.48297759086427
2768.0,443.4151189055819
2769.0,443.34727175377486
2770.0,443.279436134359
2771.0,443.21161204760796
2772.0,443.1437994899086
2773.0,443.0759984626031
2774.0,443.0082089615164
2775.0,442.94043098640276
2776.0,442.87266453586784
2777.0,442.8049096059704
2778.0,442.7371661958221
2779.0,442.6694343037246
2780.0,442.60171392808803
2781.0,442.5340050670568
2782.0,442.46630771825886
2783.0,442.39862187983135
2784.0,442.3309475500533
2785.0,442.2632847270754
2786.0,442.19563340903596
2787.0,442.12799359407416
2788.0,442.06036528034605
2789.0,441.99274846599894
2790.0,441.9251431492129
2791.0,441.85754932821607
2792.0,441.7899670011253
2793.0,441.722396166103
2794.0,441.6548368213218
2795.0,441.5872889650521
2796.0,441.5197525954166
2797.0,441.45222771059264
2798.0,441.38471430875666
2799.0,441.317212388147
2800.0,441.2497219469282
2801.0,441.1822429832813
2802.0,441.1147754953919
2803.0,441.04731948146036
2804.0,440.979874939677
2805.0,440.9124418682253
2806.0,440.8450202652939
2807.0,440.7776101290816
2808.0,440.71021145779014
2809.0,440.64282424960265
2810.0,440.57544850271074
2811.0,440.50808421531946
2812.0,440.44073138567114
2813.0,440.3733900119384
2814.0,440.30606009232133
2815.0,440.23874162502
2816.0,440.17143460825724
2817.0,440.10413904022505
2818.0,440.036854919126
2819.0,439.96958224316256
2820.0,439.90232101059576
2821.0,439.8350712196268
2822.0,439.76783286846023
2823.0,439.70060595530896
2824.0,439.6333904783865
2825.0,439.566186435907
2826.0,439.4989938261001
2827.0,439.43181264720846
2828.0,439.36464289743304
2829.0,439.29748457499585
2830.0,439.23033767811893
2831.0,439.16320220502536
2832.0,439.0960781539392
2833.0,439.0289655231073
2834.0,438.961864310748
2835.0,438.8947745150893
2836.0,438.8276961343616
2837.0,438.7606291667967
2838.0,438.69357361062737
2839.0,438.6265294640976
2840.0,438.5594967254527
2841.0,438.4924753929228
2842.0,438.425465464749
2843.0,438.358466939172
2844.0,438.2914798144358
2845.0,438.2245040887844
2846.0,438.157539760463
2847.0,438.0905868277187
2848.0,438.02364528880025
2849.0,437.95671514195766
2850.0,437.88979638544146
2851.0,437.82288901750434
2852.0,437.7559930363907
2853.0,437.6891084403503
2854.0,437.62223522764293
2855.0,437.55537339652403
2856.0,437.48852294525005
2857.0,437.4216838720786
2858.0,437.3548561752678
2859.0,437.2880398530723
2860.0,437.2212349037554
2861.0,437.1544413255783
2862.0,437.0876591168039
2863.0,437.0208882756956
2864.0,436.9541288005179
2865.0,436.88738068954774
2866.0,436.8206439410528
2867.0,436.75391855329985
2868.0,436.6872045245599
2869.0,436.6205018531053
2870.0,436.55381053720953
2871.0,436.48713057514493
2872.0,436.4204619651764
2873.0,436.35380470558675
2874.0,436.2871587946524
2875.0,436.2205242306514
2876.0,436.15390101186307
2877.0,436.08728913656694
2878.0,436.0206886030462
2879.0,435.9540994095827
2880.0,435.8875215544595
2881.0,435.8209550359616
2882.0,435.77935056154666
2883.0,435.73775682734055
2884.0,435.6961743813204
2885.0,435.6546032471896
2886.0,435.6130434382146
2887.0,435.57149494430405
2888.0,435.52995777443897
2889.0,435.48843192461885
2890.0,435.4469173941588
2891.0,435.4054141831909
2892.0,435.3639222885085
2893.0,435.322441711303
2894.0,435.28097244774165
2895.0,435.23951449759954
2896.0,435.19806785960293
2897.0,435.156632530174
2898.0,435.11520850849524
2899.0,435.0737957929942
2900.0,435.03239438218293
2901.0,434.99100427436747
2902.0,434.9496254673674
2903.0,434.90825795946824
2904.0,434.8669017490853
2905.0,434.8255568345178
2906.0,434.7842232140511
2907.0,434.74290088597434
2908.0,434.70158984858944
2909.0,434.66029010019207
2910.0,434.6190016390982
2911.0,434.57772446365533
2912.0,434.5364585721384
2913.0,434.49520396285277
2914.0,434.4539606341145
2915.0,434.41272858435264
2916.0,434.37150781182606
2917.0,434.3302983148563
2918.0,434.2891000917653
2919.0,434.24791314087963
2920.0,434.2067374605204
2921.0,434.1655730490094
2922.0,434.12441990466874
2923.0,434.0832780258476
2924.0,434.04214741087634
2925.0,434.00102805807376
2926.0,433.9599199657675
2927.0,433.91882313229354
2928.0,433.8777375559912
2929.0,433.83666323518315
2930.0,433.79560016820017
2931.0,433.7545483533755
2932.0,433.71350778905105
2933.0,433.67247847355304
2934.0,433.6314604052131
2935.0,433.5904535823653
2936.0,433.54945800339175
2937.0,433.50847366660633
2938.0,433.46750057034774
2939.0,433.42653871295425
2940.0,433.3855880927807
2941.0,433.34464870816527
2942.0,433.3037205574467
2943.0,433.2628036389663
2944.0,433.2218979510659
2945.0,433.18100349208726
2946.0,433.14012026039086
2947.0,433.09924825435496
2948.0,433.05838747230416
2949.0,433.01753791258835
2950.0,432.97669957355856
2951.0,432.9358724535665
2952.0,432.89505655096525
2953.0,432.85425186410635
2954.0,432.8134583913447
2955.0,432.7726761310346
2956.0,432.73190508153203
2957.0,432.6911452411924
2958.0,432.6503966083729
2959.0,432.6096591814394
2960.0,432.5689329587584
2961.0,432.52821793868475
2962.0,432.48751411958114
2963.0,432.4468214998105
2964.0,432.406140077738
2965.0,432.3654698517277
2966.0,432.3248108201304
2967.0,432.2841629813206
2968.0,432.24352633366465
2969.0,432.20290087552917
2970.0,432.1622866052822
2971.0,432.1216835212919
2972.0,432.0810916219355
2973.0,432.04051090558687
2974.0,431.9999413706142
2975.0,431.95938301539127
2976.0,431.91883583829264
2977.0,431.8782998376938
2978.0,431.83777501196806
2979.0,431.7972613594733
2980.0,431.7567588785966
2981.0,431.71626756771406
2982.0,431.67578742520294
2983.0,431.6353184494404
2984.0,431.594860638805
2985.0,431.5544139916805
2986.0,431.51397850644724
2987.0,431.4735541814848
2988.0,431.43314101517524
2989.0,431.392739005901
2990.0,431.35234815204586
2991.0,431.31196845199486
2992.0,431.27159990413566
2993.0,431.23124250685345
2994.0,431.1908962585344
2995.0,431.15056115756715
2996.0,431.1102372023398
2997.0,431.06992439124286
2998.0,431.0296227226616
2999.0,430.9893321949887
3000.0,430.9490528066162
3001.0,430.90878455593634
3002.0,430.8272015015156
3003.0,430.74562899929106
3004.0,430.6640675874345
3005.0,430.5825172892064
3006.0,430.50097811789243
3007.0,430.41945006352256
3008.0,430.33793313504407
3009.0,430.2564273285079
3010.0,430.17493264347314
3011.0,430.0934490799849
3012.0,430.0119766350695
3013.0,429.93051530983195
3014.0,429.8490651007162
3015.0,429.7676260075135
3016.0,429.6861980290353
3017.0,429.6047811619215
3018.0,429.5233754054157
3019.0,429.44198075802683
3020.0,429.3605972183274
3021.0,429.2792247847337
3022.0,429.1978634552007
3023.0,429.11651322811184
3024.0,429.03517410197287
3025.0,428.9538460751806
3026.0,428.8725291461239
3027.0,428.7912233131921
3028.0,428.7099285747855
3029.0,428.6286449292985
3030.0,428.5473723751485
3031.0,428.4661109107884
3032.0,428.38486053459053
3033.0,428.30362124496014
3034.0,428.2223930403102
3035.0,428.1411759191244
3036.0,428.05996987977966
3037.0,427.97877492069114
3038.0,427.89759104027485
3039.0,427.816418236974
3040.0,427.7352565091983
3041.0,427.65410585536574
3042.0,427.57296627389604
3043.0,427.4918377632071
3044.0,427.4107203217186
3045.0,427.3296139478498
3046.0,427.24851864002073
3047.0,427.1674343966647
3048.0,427.08636121621896
3049.0,427.00529909709627
3050.0,426.92424803772013
3051.0,426.843208036515
3052.0,426.76217909190694
3053.0,426.68116120231883
3054.0,426.60015436617493
3055.0,426.5191585818995
3056.0,426.4381738479261
3057.0,426.35720016267567
3058.0,426.2762375245735
3059.0,426.19528593204467
3060.0,426.11434538355485
3061.0,426.0334158775292
3062.0,425.9524974123936
3063.0,425.8715899865807
3064.0,425.7906935985238
3065.0,425.7098082466552
3066.0,425.6289339294093
3067.0,425.54807064521947
3068.0,425.4672183925197
3069.0,425.38637716974364
3070.0,425.3055469753255
3071.0,425.2247278076999
3072.0,425.14391966530104
3073.0,425.0631225465867
3074.0,424.98233644998413
3075.0,424.9015613739305
3076.0,424.82079731686406
3077.0,424.74004427722446
3078.0,424.6593022534516
3079.0,424.57857124399163
3080.0,424.49785124729146
3081.0,424.417142261789
3082.0,424.33644428592817
3083.0,424.2557573181529
3084.0,424.17508135690855
3085.0,424.0944164006404
3086.0,424.01376244779135
3087.0,423.93311949681015
3088.0,423.8524875461438
3089.0,423.77186659423984
3090.0,423.69125663954674
3091.0,423.61065768051327
3092.0,423.5300697155866
3093.0,423.449492743216
3094.0,423.36892676185266
3095.0,423.2883717699475
3096.0,423.2078277659516
3097.0,423.1272947483169
3098.0,423.04677271549446
3099.0,422.96626166592597
3100.0,422.8857615980701
3101.0,422.8052725103791
3102.0,422.7247944013059
3103.0,422.64432726930374
3104.0,422.56387111282606
3105.0,422.4834259303372
3106.0,422.4029917202927
3107.0,422.32256848114605
3108.0,422.2421562113547
3109.0,422.1617549093764
3110.0,422.0813645736701
3111.0,422.0009852026927
3112.0,421.9206167948983
3113.0,421.8402593487502
3114.0,421.7599128627079
3115.0,421.67957733523207
3116.0,421.5992527647831
3117.0,421.5189391498226
3118.0,421.438636488808
3119.0,421.35834478020263
3120.0,421.27806402246927
3121.0,421.197794214071
3122.0,421.1512338379809
3123.0,421.10468383591405
3124.0,421.05814473689395
3125.0,421.0116165637807
3126.0,420.9650993296271
3127.0,420.91859302465355
3128.0,420.87209765770666
3129.0,420.8256132249041
3130.0,420.7791397259619
3131.0,420.7326771608696
3132.0,420.6862255268136
3133.0,420.6397848248391
3134.0,420.59335505156105
3135.0,420.5469362067806
3136.0,420.5005282893606
3137.0,420.4541312960717
3138.0,420.4077452261951
3139.0,420.361370078297
3140.0,420.31500585100065
3141.0,420.2686525427887
3142.0,420.2223101517207
3143.0,420.1759786762491
3144.0,420.1296581149376
3145.0,420.0833484662502
3146.0,420.03704972863795
3147.0,419.9907619005547
3148.0,419.9444849804688
3149.0,419.8982189668409
3150.0,419.85196385814595
3151.0,419.8057196528797
3152.0,419.75948634948975
3153.0,419.7132639464431
3154.0,419.6670524422167
3155.0,419.62085183538403
3156.0,419.57466212437316
3157.0,419.52848330766517
3158.0,419.48231538374233
3159.0,419.43615835107454
3160.0,419.3900122081459
3161.0,419.34387695343696
3162.0,419.29775258542844
3163.0,419.2516391026045
3164.0,419.20553650344675
3165.0,419.15944478643445
3166.0,419.1133639500485
3167.0,419.0672939927764
3168.0,419.02123491310846
3169.0,418.97518670952144
3170.0,418.92914938049864
3171.0,418.88312292452434
3172.0,418.83710734008764
3173.0,418.79110262566934
3174.0,418.74510877975274
3175.0,418.69912580082286
3176.0,418.65315368736543
3177.0,418.6071924378636
3178.0,418.56124205080164
3179.0,418.5153025246644
3180.0,418.4693738579545
3181.0,418.4234560491564
3182.0,418.37754909675454
3183.0,418.3316529992365
3184.0,418.2857677550906
3185.0,418.2398933628044
3186.0,418.1940298208735
3187.0,418.14817712780007
3188.0,418.10233528206567
3189.0,418.0565042821615
3190.0,418.0106841265794
3191.0,417.96487481381206
3192.0,417.91907634235156
3193.0,417.87328871068405
3194.0,417.827511917305
3195.0,417.7817459607074
3196.0,417.7359908393841
3197.0,417.6902465518285
3198.0,417.6445130965337
3199.0,417.5987904719923
3200.0,417.5530786766974
3201.0,417.50737770914316
3202.0,417.46168756782447
3203.0,417.4160082512348
3204.0,417.3703397578693
3205.0,417.324682086223
3206.0,417.2790352348214
3207.0,417.23339920214596
3208.0,417.1877739866961
3209.0,417.1421595869719
3210.0,417.0965560014739
3211.0,417.05096322870304
3212.0,417.0053812671427
3213.0,416.9598101152858
3214.0,416.9142497716414
3215.0,416.86870023470783
3216.0,416.8231615029841
3217.0,416.7776335749693
3218.0,416.73211644916495
3219.0,416.6866101240877
3220.0,416.6411145982291
3221.0,416.59562987009207
3222.0,416.5501559381787
3223.0,416.5046928009927
3224.0,416.4592404570379
3225.0,416.4137989048086
3226.0,416.3683681428082
3227.0,416.32294816954305
3228.0,416.2775389835164
3229.0,416.2321405832316
3230.0,416.18675296719266
3231.0,416.1413761339046
3232.0,416.09601008187394
3233.0,416.0506548096044
3234.0,416.005310315601
3235.0,415.9599765983697
3236.0,415.91465365641574
3237.0,415.8693414882457
3238.0,415.8240400923658
3239.0,415.7787494672827
3240.0,415.73346961150344
3241.0,415.68820052353533
3242.0,415.6370739625677
3243.0,415.58595760405433
3244.0,415.5348519679363
3245.0,415.48375707663564
3246.0,415.43267294301734
3247.0,415.3815995574776
3248.0,415.3305369287552
3249.0,415.27948505302794
3250.0,415.2284439300993
3251.0,415.1774135599266
3252.0,415.1263939397682
3253.0,415.0753850706426
3254.0,415.024386949262
3255.0,414.9733995754337
3256.0,414.92242294805305
3257.0,414.87145706398604
3258.0,414.8205019225346
3259.0,414.7695575222994
3260.0,414.7186238619333
3261.0,414.6677009399629
3262.0,414.61678875449905
3263.0,414.56588730403575
3264.0,414.514996587174
3265.0,414.4641166024181
3266.0,414.413247348269
3267.0,414.36238882322823
3268.0,414.3115410258016
3269.0,414.26070395449227
3270.0,414.20987760781424
3271.0,414.1590619842958
3272.0,414.108257082431
3273.0,414.057462900728
3274.0,414.0066794377014
3275.0,413.9559066919271
3276.0,413.9051446618884
3277.0,413.8543933461024
3278.0,413.80365274308684
3279.0,413.75292285136334
3280.0,413.70220366944847
3281.0,413.6514951958599
3282.0,413.6007974291155
3283.0,413.5501103677379
3284.0,413.49943401024615
3285.0,413.4487683551578
3286.0,413.39811340099186
3287.0,413.34746914626834
3288.0,413.2968355895083
3289.0,413.24621272922934
3290.0,413.19560056395096
3291.0,413.14499909219427
3292.0,413.09440831248446
3293.0,413.04382822333855
3294.0,412.9932588232773
3295.0,412.9427001108205
3296.0,412.8921520844869
3297.0,412.84161474279756
3298.0,412.7910880842724
3299.0,412.7405721074317
3300.0,412.69006681079657
3301.0,412.63957219288704
3302.0,412.5890882522234
3303.0,412.53861498732573
3304.0,412.4881523967148
3305.0,412.4377004789104
3306.0,412.3872592324479
3307.0,412.3368286558751
3308.0,412.2864087476993
3309.0,412.23599950644694
3310.0,412.18560093064525
3311.0,412.1352130188222
3312.0,412.08483576950584
3313.0,412.0344691811804
3314.0,411.9841132523904
3315.0,411.93376798166236
3316.0,411.88343336751956
3317.0,411.83310940848577
3318.0,411.78279610308425
3319.0,411.7324934498434
3320.0,411.68220144729105
3321.0,411.63192009394845
3322.0,411.58164938834034
3323.0,411.53138932899134
3324.0,411.48113991442676
3325.0,411.43090114317255
3326.0,411.38067301378146
3327.0,411.33045552476676
3328.0,411.2802486746572
3329.0,411.2300524619822
3330.0,411.1798668852718
3331.0,411.12969194305657
3332.0,411.07952763385543
3333.0,411.02937395619404
3334.0,410.9792309086075
3335.0,410.92909848962483
3336.0,410.87897669777556
3337.0,410.82886553158875
3338.0,410.7787649895938
3339.0,410.7286750703152
3340.0,410.6785957722853
3341.0,410.62852709403336
3342.0,410.57846903408876
3343.0,410.5284215909817
3344.0,410.47838476324125
3345.0,410.42835854939716
3346.0,410.3783429479795
3347.0,410.32833795751816
3348.0,410.27834357654325
3349.0,410.22835980358514
3350.0,410.1783866371738
3351.0,410.1284240758424
3352.0,410.0784721181298
3353.0,410.0285307625627
3354.0,409.97860000767315
3355.0,409.92867985199405
3356.0,409.8787702940579
3357.0,409.8288713323974
3358.0,409.77898296553485
3359.0,409.7291051920056
3360.0,409.6792380103443
3361.0,409.62938141908324
3362.0,409.55132958182804
3363.0,409.47328777894825
3364.0,409.3952565218964
3365.0,409.3172358325921
3366.0,409.2392257238355
3367.0,409.1612261861105
3368.0,409.0832372279087
3369.0,409.00525884552
3370.0,408.9272910387791
3371.0,408.8493338076311
3372.0,408.77138714933966
3373.0,408.69345106492113
3374.0,408.61552555116
3375.0,408.5376106078672
3376.0,408.45970623396295
3377.0,408.3818124263803
3378.0,408.30392918443636
3379.0,408.22605650673387
3380.0,408.1481943919062
3381.0,408.07034283851175
3382.0,407.99250184473226
3383.0,407.91467140908435
3384.0,407.83685153017797
3385.0,407.7590422065386
3386.0,407.68124343668484
3387.0,407.60345521913564
3388.0,407.5256775524198
3389.0,407.44791043506075
3390.0,407.3701538655924
3391.0,407.2924078425633
3392.0,407.2146723644879
3393.0,407.1369474298945
3394.0,407.05923303731976
3395.0,406.9815291853807
3396.0,406.9038358725728
3397.0,406.8261530974364
3398.0,406.74848085851204
3399.0,406.67081915433585
3400.0,406.593167983449
3401.0,406.5155273443917
3402.0,406.437897235704
3403.0,406.3602776559059
3404.0,406.2826686035311
3405.0,406.20507007712223
3406.0,406.1274820752149
3407.0,406.04990459635906
3408.0,405.9723376391085
3409.0,405.8947812019922
3410.0,405.81723528355053
3411.0,405.7396998823196
3412.0,405.6621749968264
3413.0,405.5846606256164
3414.0,405.50715676722746
3415.0,405.42966342019815
3416.0,405.3521805830795
3417.0,405.27470825440486
3418.0,405.1972464327137
3419.0,405.11979511654613
3420.0,405.0423543044364
3421.0,404.96492399492433
3422.0,404.8875041865498
3423.0,404.81009487785127
3424.0,404.73269606736767
3425.0,404.6553077536376
3426.0,404.57792993520843
3427.0,404.5005626106345
3428.0,404.42320577844725
3429.0,404.34585943718866
3430.0,404.2685235854016
3431.0,404.1911982216285
3432.0,404.11388334441267
3433.0,404.03657895226615
3434.0,403.95928504374336
3435.0,403.8820016173853
3436.0,403.80472867173205
3437.0,403.72746620532297
3438.0,403.65021421669695
3439.0,403.57297270440574
3440.0,403.4957416670013
3441.0,403.4185211030155
3442.0,403.3413110109913
3443.0,403.26411138947174
3444.0,403.18692223699986
3445.0,403.10974355211914
3446.0,403.03257533335716
3447.0,402.9554175792651
3448.0,402.878270288385
3449.0,402.801133459259
3450.0,402.72400709042887
3451.0,402.64689118043776
3452.0,402.5697857278239
3453.0,402.4926907311285
3454.0,402.41560618889457
3455.0,402.33853209966384
3456.0,402.2614684619779
3457.0,402.1844152743784
3458.0,402.10737253540873
3459.0,402.0303402436295
3460.0,401.953318397573
3461.0,401.8763069957841
3462.0,401.7993060368067
3463.0,401.7223155191858
3464.0,401.6453354414661
3465.0,401.56836580218237
3466.0,401.4914065998785
3467.0,401.4144578331015
3468.0,401.33751950039505
3469.0,401.26059160030263
3470.0,401.18367413136804
3471.0,401.1067670921325
3472.0,401.02987048113124
3473.0,400.952984296912
3474.0,400.8761085380172
3475.0,400.79924320298875
3476.0,400.72238829036894
3477.0,400.64554379869975
3478.0,400.5687097265451
3479.0,400.49188607244264
3480.0,400.4150728349326
3481.0,400.33827001255935
3482.0,400.288294027961
3483.0,400.2383279119403
3484.0,400.18837216717
3485.0,400.138426815189
3486.0,400.0884918685338
3487.0,400.03856731785976
3488.0,399.98865317146743
3489.0,399.9387494257369
3490.0,399.8888560805439
3491.0,399.83897313581707
3492.0,399.78910058881803
3493.0,399.7392384405641
3494.0,399.6893866878041
3495.0,399.6395453303471
3496.0,399.58971436712517
3497.0,399.539893795179
3498.0,399.49008361381146
3499.0,399.4402838216295
3500.0,399.39049441725894
3501.0,399.34071539928095
3502.0,399.2909467658511
3503.0,399.2411885154906
3504.0,399.19144064682365
3505.0,399.14170315838237
3506.0,399.0919760487053
3507.0,399.04225931633
3508.0,398.99255295978605
3509.0,398.9428569776072
3510.0,398.8931713683359
3511.0,398.84349613052785
3512.0,398.7938312627083
3513.0,398.74417676341477
3514.0,398.69453263119277
3515.0,398.64489886466276
3516.0,398.5952754623316
3517.0,398.54566242274814
3518.0,398.49605974446195
3519.0,398.44646742600935
3520.0,398.396885465942
3521.0,398.3473138628083
3522.0,398.29775261515476
3523.0,398.2482017215068
3524.0,398.198661180405
3525.0,398.1491309903988
3526.0,398.0996111500322
3527.0,398.05010165786786
3528.0,398.0006025124747
3529.0,397.9511137123855
3530.0,397.90163525614946
3531.0,397.8521671423058
3532.0,397.8027093693645
3533.0,397.7532619358896
3534.0,397.70382484042386
3535.0,397.6543980815107
3536.0,397.6049816577146
3537.0,397.5555755675703
3538.0,397.50617980962363
3539.0,397.4567943824201
3540.0,397.4074192845005
3541.0,397.35805451441024
3542.0,397.30870007069495
3543.0,397.2593559518994
3544.0,397.210022156568
3545.0,397.16069868324536
3546.0,397.11138553048187
3547.0,397.0620826968312
3548.0,397.01279018083375
3549.0,396.9635079810359
3550.0,396.9142360959848
3551.0,396.86497452422776
3552.0,396.8157232643116
3553.0,396.7664823147599
3554.0,396.7172516741287
3555.0,396.66803134096324
3556.0,396.61882131380844
3557.0,396.5696215912079
3558.0,396.52043217170603
3559.0,396.47125305385026
3560.0,396.4220842361885
3561.0,396.3729257172615
3562.0,396.32377749561465
3563.0,396.27463956979216
3564.0,396.2255119383388
3565.0,396.1763945997995
3566.0,396.12728755273133
3567.0,396.07819079567287
3568.0,396.0291043271709
3569.0,395.9800281457713
3570.0,395.93096225002023
3571.0,395.8819066384646
3572.0,395.83286130964035
3573.0,395.7838262620895
3574.0,395.73480149436176
3575.0,395.6857870050016
3576.0,395.6367827925533
3577.0,395.5877888555607
3578.0,395.5388051925687
3579.0,395.48983180212485
3580.0,395.4408686827715
3581.0,395.3919158330527
3582.0,395.3429732515126
3583.0,395.29404093669575
3584.0,395.2451188871459
3585.0,395.19620710141186
3586.0,395.147305578038
3587.0,395.09841431556777
3588.0,395.0495333125458
3589.0,395.0006625675174
3590.0,394.95180207902706
3591.0,394.90295184561563
3592.0,394.8541118658127
3593.0,394.80528213817024
3594.0,394.75646266123084
3595.0,394.7076534335362
3596.0,394.65885445362824
3597.0,394.61006572004857
3598.0,394.5612872313652
3599.0,394.5125189861147
3600.0,394.46376098283537
